Adlerbethsgatan|onsdag|9-17|Kungsholmen|Ku|Gäller ej jämna veckor 1 maj–31 oktober
Adlerbethsgatan|fredag|9-17|Kungsholmen|Ku|Lokalkörbanan
Adolf Fredriks Kyrkogata|fredag|0-6|Norrmalm|Va|
Allhelgonagatan|torsdag|9-14|Södermalm|Sö|
Alsnögatan|onsdag|9-14|Södermalm|Sö|
Alströmergatan|fredag|0-6|Kungsholmen|Ku|
Anders Reimers Väg|fredag|9-14|Södermalm|Sö|
Anders Reimers Väg|fredag|9-14|Södermalm|Sö|P-platsen mittemot 4-6 Gäller ej 15 juni-15 augusti.
Andra Bassängvägen|tisdag|0-6|Värtan|Ö|Besökare Ej boendeparkering
Arbetargatan|onsdag|0-6|Kungsholmen|Ku|
Armfeltsgatan|fredag|0-6|Gärdet|Ö|
Artillerigatan|tisdag|0-6|Gärdet|Ö|
Artillerigatan|tisdag|0-6|Östermalm|Ö|
Askrikegatan|onsdag|0-6|Gärdet|Ö|
Assessorsgatan|fredag|9-14|Södermalm|Sö|
Atlasgatan|måndag|13-16|Vasastaden|Va|
Atlasmuren|fredag|13-16|Vasastaden|Va|
Atterbomsvägen|måndag|9-17|Kungsholmen|Ku|Gäller ej udda veckor 1 maj-31 oktober
Badstrandsvägen|tisdag|9-14|Kungsholmen|Ku|
Baldersgatan|tisdag|0-6|Östermalm|Ö|
Baltzar von Platens Gata|onsdag|9-17|Kungsholmen|Ku|
Banérgatan|måndag|0-6|Östermalm|Ö|
Barnhusgatan|fredag|0-6|Norrmalm|Va
Barnängsgatan|fredag|0-6|Södermalm|Sö|
Bastugatan|tisdag|9-14|Södermalm|Sö|
Beckbrännarbacken|fredag|0-6|Södermalm|Sö|
Bellmansgatan|torsdag|0-6|Södermalm|Sö|
Bellmansgatan|torsdag|9-14|Södermalm|Sö|Mellan Tavastgatan och Hornsgatan
Bengt Ekehjelmsgatan|torsdag|0-6|Södermalm|Sö|
Bergsgatan|måndag|0-6|Kungsholmen|Ku|
Bergsmarksvägen|tisdag|9-14|Kungsholmen|Ku|
Bergsunds Strand|tisdag|9-14|Södermalm|Sö|
Bergsundsgatan|torsdag|9-14|Södermalm|Sö|
Bigarråvägen|torsdag|0-6|Östermalm|Ö|
Birger Jarlsgatan|torsdag|0-6|Östermalm|Ö/Va|Besökare Mellan Jarlaplan och Kungstensgatan. Ej boendeparkering
Birger Jarlsgatan|måndag|0-6|Östermalm|Ö/Va|Bägge områdena. Mellan Kungstensgatan och Rådmansgatan
Birger Jarlsgatan|tisdag|0-6|Östermalm|Ö/Va|Bägge områdena. Lokalkörbanan mellan Rådmansgatan och Eriksbergsgatan
Birger Jarlsgatan|onsdag|0-6|Östermalm|Ö/Va|Bägge områdena. Mellan Frejgatan och Jarlaplan samt mellan Rådmansgatan och Engelbrektsgatan
Birger Jarlsgatan|torsdag|0-6|Östermalm|Ö/Va|Bägge -områdena. Mellan Valhallavägen och Frejgatan
Birger Sjöbergs Väg|måndag|9-17|Kungsholmen|Ku|
Birkagatan|tisdag|13-16|Vasastaden|Va|
Bjurholmsgatan|fredag|0-6|Södermalm|Sö|
Bjurholmsplan|fredag|0-6|Södermalm|Sö|
Björngårdsgatan|fredag|0-6|Södermalm|Sö|
Blanchegatan|fredag|0-6|Gärdet|Ö|
Blasieholmsgatan|tisdag|0-6|City|Va|
Blecktornsbrinken|fredag|9-14|Södermalm|Sö|
Blecktornsgränd|tisdag|9-14|Södermalm|Sö|
Blecktornsstigen|fredag|9-14|Södermalm|Sö|
Blekholmsterassen|tisdag|0-6|City|Va|
Blekingegatan|tisdag|9-14|Södermalm|Sö|Mellan Grindsgatan och Assessorsgatan
Blekingegatan|tisdag|0-6|Södermalm|Sö|Mellan Ringvägen och Götgatan
Blekingegatan|tisdag|0-6|Södermalm|Sö|Mellan Götgatan och Östgötagatan
Bo Bergmans Gata|måndag|0-6|Gärdet|Ö|
Bohusgatan|tisdag|0-6|Södermalm|Sö|
Bolinders Plan|tisdag|0-6|Kungsholmen|Ku|
Bondegatan|måndag|0-6|Södermalm|Sö|
Bondesonsgatan|fredag|9-17|Kungsholmen|Ku|Gäller ej udda veckor 1 maj-31 oktober
Borgargatan|måndag|0-6|Södermalm|Sö|
Borgmästargatan|torsdag|0-6|Södermalm|Sö|
Bragevägen|fredag|0-6|Östermalm|Ö|
Brahegatan|tisdag|0-6|Östermalm|Ö|
Brantingsgatan|onsdag|0-6|Gärdet|Ö|
Breitenfeldsgatan|torsdag|0-6|Östermalm|Ö|
Brunbärsvägen|torsdag|0-6|Östermalm|Ö|
Brunnsgatan|tisdag|0-6|Norrmalm|Va|
Bryggargatan|tisdag|0-6|City|Va|
Bråvallagatan|onsdag|13-16|Vasastaden|Va|
Brännerigatan|onsdag|0-6|Södermalm|Sö|
Brännkyrkagatan|torsdag|0-6|Södermalm|Sö|
Bältgatan|fredag|0-6|Östermalm|Ö|På jämna sidan
Bältgatan|onsdag|0-6|Östermalm|Ö|På udda sidan
Böttigervägen|torsdag|9-14|Kungsholmen|Ku|
Cardellgatan|tisdag|0-6|Östermalm|Ö|
Carl-Gustav Lindstedts Gata|måndag|0-6|Kungsholmen|Ku|
Celsiusgatan|måndag|0-6|Kungsholmen|Ku|
Chapmansgatan|tisdag|9-17|Kungsholmen|Ku|
Creutzgatan|fredag|9-14|Kungsholmen|Ku|
Dag Hammarskjölds Väg|fredag|0-6|Östermalm|Ö|
Dalagatan|måndag|0-6|Vasastaden|Va|Mellan Wallingatan och Kalrbergsvägen
Dalagatan|tisdag|11-14|Vasastaden|Va|Mellan Karlbergsvägen och Sankt Eriksgatan
Dalagatan|tisdag|13-16|Vasastaden|Va|Mellan Sankt Eriksgatan och Norra Stationsgatan
Dalslandsgatan|torsdag|9-14|Södermalm|Sö|
Danderydsgatan|onsdag|0-6|Östermalm|Ö|
Dannemoragatan|onsdag|11-14|Vasastaden|Va|Vid nr 4
Dannemoragatan|tisdag|11-14|Vasastaden|Va|
David Bagares Gata|torsdag|0-6|Norrmalm|Va|
De Geersgatan|onsdag|0-6|Gärdet|Ö|
Disponentgatan|onsdag|9-14|Kungsholmen|Ku|
Djurgårdsvägen|fredag|0-6|Djurgården|Ö|Gäller ej 16 maj-30 nov
Doktor Abelins Gata|måndag|0-6|Södermalm|Sö|
Drejargatan|tisdag|0-6|Vasastaden|Va|
Drottninggatan|fredag|9-12|Vasastaden|Va|
Drottningholmsvägen|fredag|0-6|Kungsholmen|Ku|Udda sidan
Drottningholmsvägen|onsdag|0-6|Kungsholmen|Ku|Jämna sidan
Duvnäsgatan|tisdag|0-6|Södermalm|Sö|
Döbelnsgatan|fredag|0-6|Vasastaden|Va|
Dörjgränd|måndag|0-6|Södermalm|Sö|
Ehrensvärdsgatan|måndag|9-14|Kungsholmen|Ku|
Eknäsvägen|fredag|9-14|Kungsholmen|Ku|
Elersvägen|måndag|9-17|Kungsholmen|Ku|
Engelbrekts Kyrkogata|fredag|0-6|Östermalm|Ö|
Engelbrektsgatan|torsdag|0-6|Östermalm|Ö|
Ensittarvägen|tisdag|9-14|Kungsholmen|Ku|
Eremetvägen|onsdag|9-14|Kungsholmen|Ku|
Erik Dahlbergsallén|fredag|0-6|Östermalm|Ö|
Erik Dahlbergsgatan|måndag|0-6|Gärdet|Ö|
Erik Dahlbergsgatan|tisdag|0-6|Gärdet|Ö|Allén mellan Valhallavägen och Kallskärsgatan, gäller ej 16 maj-30 nov
Erik Dahlbergsgatan|torsdag|0-6|Gärdet|Ö|Allén mellan Kallskärsgatan och Blanchegatan, gäller ej 16 maj-30 nov
Eriksbergsgatan|onsdag|0-6|Östermalm|Ö|
Eriksbergsgatan|torsdag|0-6|Östermalm|Ö|Udda sidan mellan Eriksbergparken och nr 19
Eriksbergsparken|torsdag|0-6|Östermalm|Ö|
Eriksdalsgatan|onsdag|9-14|Södermalm|Sö|
Ernst Ahlgrens Väg|onsdag|9-17|Kungsholmen|Ku|Gäller ej jämna veckor 1 maj-31 oktober
Erstagatan|onsdag|0-6|Södermalm|Sö|
Essinge Brogata|tisdag|9-14|Kungsholmen|Ku|Gäller ej 15 juni-15 augusti
Essinge Högväg|onsdag|9-14|Kungsholmen|Ku|Mellan vändplatsen och Rådlösavägen
Essinge Högväg|måndag|9-14|Kungsholmen|Ku|Mellan Stenkullavägen och Stenkullagränd
Essinge Högväg|måndag|9-14|Kungsholmen|Ku|Mellan Stenkullagränd och vändplatsen
Essinge Kyrkväg|torsdag|9-14|Kungsholmen|Ku|
Essingeringen|tisdag|9-14|Kungsholmen|Ku|Mellan Essingestråket och Gammelgårdsvägen
Essingeringen|onsdag|9-14|Kungsholmen|Ku|Mellan Källbergsvägen och Eknäsvägen
Essingeringen|onsdag|9-14|Kungsholmen|Ku|Mellan Stenshällsvägen och Flottbrovägen
Essingeringen|torsdag|9-14|Kungsholmen|Ku|Mellan Eknäsvägen och Flottbrovägen
Essingeringen|torsdag|9-14|Kungsholmen|Ku|Mellan Gammelgårdsvägen och Flottbrovägen
Essingestråket|måndag|9-14|Kungsholmen|Ku|Mellan Bergsmarksvägen och Stenkullavägen
Essingestråket|måndag|9-14|Kungsholmen|Ku| Mellan Stenkullavägen och Eremitvägen
Essingestråket|måndag|9-14|Kungsholmen|Ku| Mellan Eremitvägen och Essingetorget
Essingestråket|onsdag|9-14|Kungsholmen|Ku| Mellan Bergsmarksvägen och vändplatsen och vid nr 38-40
Essingestråket|torsdag|9-14|Kungsholmen|Ku| Mellan Stenkullavägen och Eremitvägen och mitt emot 3-5
Essingetorget|tisdag|9-14|Kungsholmen|Ku|
Falugatan|måndag|13-16|Vasastaden|Va|
Fatburs Brunnsgata|måndag|0-6|Södermalm|Sö|
Fatburs Kvarngata|onsdag|0-6|Södermalm|Sö|
Fatbursgatan|måndag|0-6|Södermalm|Sö|
Fiskargatan|onsdag|9-14|Södermalm|Sö|
Fjällgatan|onsdag|0-6|Södermalm|Sö|
Fjärde Bassängvägen|onsdag|0-6|Värtan|Ö|Besökare Ej boendeparkering
Fleminggatan|måndag|0-6|Kungsholmen|Ku|Väster om S:t Eriksgatan
Fleminggatan|onsdag|0-6|Kungsholmen|Ku|Öster om S:t Eriksgatan
Flintbacken|tisdag|9-14|Södermalm|Sö|
Floragatan|måndag|0-6|Östermalm|Ö|
Flottbrovägen|måndag|9-14|Kungsholmen|Ku|Mellan Essinge Kyrkväg och vändplatsen samt vid nr 18-20
Flottbrovägen|onsdag|9-14|Kungsholmen|Ku|Mellan nr 24-30
Folkskolegatan|fredag|9-14|Södermalm|Sö|
Folkungagatan|måndag|0-6|Södermalm|Sö|
Franzéngatan|torsdag|0-6|Kungsholmen|Ku|
Fredhällsgatan|fredag|0-6|Kungsholmen|Ku|Mellan Stagneliusvägen och Rålambsvägen
Fredhällsgatan|fredag|9-17|Kungsholmen|Ku|Mellan Rålambsvägen och Adlerbethsgatan
Fredmansgatan|onsdag|0-6|Södermalm|Sö|
Fredrikshovsgatan|tisdag|0-6|Östermalm|Ö|
Frejgatan|fredag|11-14|Vasastaden|Va| Mellan Sveavägen och Västmannagatan
Frejgatan|onsdag|11-14|Vasastaden|Va| Mellan Västmannagatan och Karlbergsvägen
Frejgatan|onsdag|0-6|Vasastaden|Va| Mellan Sveavägen och Birger Jarlsgatan
Frejgatan|onsdag|0-6|Vasastaden|Ö|Mellan Birger Jarlsgatan och Valhallavägen
Fridhemsgatan|måndag|0-6|Kungsholmen|Ku| Norr om Hantverkargatan
Fridhemsgatan|måndag|9-17|Kungsholmen|Ku| Söder om Hantverkargatan
Friggagatan|tisdag|0-6|Östermalm|Ö|
Fryxellsgatan|onsdag|0-6|Östermalm|Ö|Gäller ej jämna veckor 1 maj-31 oktober
Frödingsvägen|tisdag|0-6|Kungsholmen|Ku|
Furusundsgatan|fredag|0-6|Gärdet|Ö|
Fyrverkarbacken|måndag|0-6|Kungsholmen|Ku| Vid nr 20-27
Fyrverkarbacken|torsdag|0-6|Kungsholmen|Ku| Gäller ej udda veckor 1 maj-31 oktober
Gambrinusgatan|måndag|0-6|Kungsholmen|Ku|
Gamla Brogatan|torsdag|0-6|City|Va|
Gammelgårdsvägen|onsdag|9-14|Kungsholmen|Ku| Mellan Essinge Kyrkväg och Essingeringen
Gammelgårdsvägen|fredag|9-14|Kungsholmen|Ku| Mellan Essingeringen och Essinge Kyrkväg
Garvar Lundins Gränd|onsdag|9-17|Kungsholmen|Ku|
Garvargatan|torsdag|9-17|Kungsholmen|Ku|
Gaveliusgatan|onsdag|0-6|Södermalm|Sö|
Geijersvägen|torsdag|9-14|Kungsholmen|Ku|
Gillögagatan|tisdag|0-6|Gärdet|Ö|
Gjutargatan|måndag|0-6|Kungsholmen|Ku|
Gjörwellsgatan|onsdag|0-6|Kungsholmen|Ku| Gäller ej udda veckor 1 maj-31 oktober
Glasbruksgatan|tisdag|0-6|Södermalm|Sö|
Gotlandsgatan|torsdag|0-6|Södermalm|Sö|
Gotlandsgatan|tisdag|0-6|Södermalm|Sö|Mellan Katarina Bangata och Renstiernas Gata
Grev Magnigatan|onsdag|0-6|Östermalm|Ö|
Grev Turegatan|onsdag|0-6|Östermalm|Ö|
Grevgatan|torsdag|0-6|Östermalm|Ö|
Grindsgatan|torsdag|0-6|Södermalm|Sö|
Grubbensringen|torsdag|0-6|Kungsholmen|Ku|
Gruvbacken|torsdag|0-6|Södermalm|Sö|
Gräsgatan|tisdag|9-14|Södermalm|Sö|
Gustav Adolfs Torg|tisdag|0-6|City|Va|
Gyldéngatan|måndag|9-12|Vasastaden|Va|
Gyllenborgsgatan|fredag|9-14|Kungsholmen|Ku|
Gyllenstiernsgatan|fredag|0-6|Östermalm|Ö|
Gästrikegatan|torsdag|11-14|Vasastaden|Va|
Gävlegatan|fredag|13-16|Vasastaden|Va| Mellan Torsplan och Hudiksvallsgatan
Götgatan|fredag|9-14|Södermalm|Sö|
Hagagatan|tisdag|11-14|Vasastaden|Va|
Hallandsgatan|onsdag|0-6|Södermalm|Sö|
Hammargatan|onsdag|0-6|Östermalm|Ö|
Hamngatan|torsdag|0-6|City|Va|
Hangövägen|tisdag|0-6|Värtan|Ö|Besökare Ej boendeparkering
Hantverkargatan|onsdag|0-6|Kungsholmen|Ku| Lokalkörbanan mellan Olof Gjödingsgatan och Polhemsgatan
Hantverkargatan|tisdag|0-6|Kungsholmen|Ku| Mellan Fridhemsplan och S:t Eriksgatan
Hantverkargatan|onsdag|0-6|Kungsholmen|Ku| Lokalkörbanan mellan Olof Gjödingsgatan och Polhemsgatan
Hantverkargatan|torsdag|0-6|Kungsholmen|Ku| Mellan S:t Eriksgatan och Kungsholmstorg
Hantverkargatan|fredag|0-6|Kungsholmen|Ku| Mellan Kungsholmstorg och Ragnar Östbergs Plan
Havregatan|fredag|0-6|Södermalm|Sö|
Hedemoratäppan|måndag|13-16|Vasastaden|Va|
Hedinsgatan|torsdag|0-6|Gärdet|Ö|
Heimdalsgatan|torsdag|11-14|Vasastaden|Va|
Heleneborgsgatan|tisdag|0-6|Södermalm|Sö|
Helgagatan|tisdag|9-14|Södermalm|Sö|
Helgagatan|tisdag|9-14|Södermalm|Sö|
Helgalunden|tisdag|9-14|Södermalm|Sö|
Hjalmar Söderbergs Väg|torsdag|9-17|Kungsholmen|Ku| Mellan Geijersvägen och vändplatsen
Hjalmar Söderbergs Väg|onsdag|9-17|Kungsholmen|Ku| Mellan Levertinsgatan och Nordenflychtsvägen. Gäller ej jämna veckor 1 maj-31 oktober
Hjärnegatan|onsdag|0-6|Kungsholmen|Ku|
Holländargatan|måndag|9-12|Vasastaden|Va|
Hornsbergsvägen|onsdag|0-6|Kungsholmen|Ku|
Hornsbruksgatan|torsdag|0-6|Södermalm|Sö|
Hornsgatan|torsdag|9-14|Södermalm|Sö|Mellan Hornstulls strand och Långholmsgatan
Hornsgatan|torsdag|0-6|Södermalm|Sö|Mellan Långholmsgatan och Ringvägen
Hornsgatan|måndag|0-6|Södermalm|Sö|Mellan Ringvägen och Mariatorget
Hornsgatan|fredag|0-6|Södermalm|Sö|Mellan Mariatorget och Götgatan, lokalkörbanan samt mellan Rosenlundsgatan och Torkel Knutssonsgatan, lokalkörbanan
Hornskroken|onsdag|0-6|Södermalm|Sö|
Hornstulls Strand|fredag|9-14|Södermalm|Sö|
Hovslagargatan|tisdag|0-6|City|Va|
Hudiksvallsgatan|tisdag|13-16|Vasastaden|Va|
Humlegårdsgatan|torsdag|0-6|Östermalm|Ö|Besökare Ej boendeparkering
Hälsingegatan|fredag|11-14|Vasastaden|Va| Mellan Odengatan och Vanadisplan
Hälsingegatan|torsdag|13-16|Vasastaden|Va| Mellan Vanadisplan och Norra Stationsgatan
Hälsingehöjden|torsdag|11-14|Vasastaden|Va|
Hästholmsvägen|tisdag|8-16|Södermalm|Sö|1 december-15 maj
Högalidsgatan|onsdag|0-6|Södermalm|Sö|
Högalidsgatan|tisdag|9-14|Södermalm|Sö|Väster om Långholmsgatan
Högbergsgatan|torsdag|0-6|Södermalm|Sö|Mellan Götgatan och Nytorgsgatan
Högbergsgatan|onsdag|0-6|Södermalm|Sö|Mellan Rosenlundsgatan och Götgatan
Hökens Gata|torsdag|9-14|Södermalm|Sö|
Idungatan|fredag|11-14|Vasastaden|Va| Mellan Hagagatan och Norrtullsgatan
Idungatan|fredag|11-14|Vasastaden|Va| Mellan Norrtullsgatan och Tre Liljor
Igeldammsgatan|torsdag|0-6|Kungsholmen|Ku|
Industrigatan|tisdag|0-6|Kungsholmen|Ku|
Inedalsgatan|måndag|0-6|Kungsholmen|Ku|
Ingemarsgatan|tisdag|0-6|Vasastaden|Va|
Ivan Oljelunds Gränd|måndag|0-6|Kungsholmen|Ku|
Iversonsgatan|tisdag|0-6|Östermalm|Ö/Va|
Jakob Westinsgatan|onsdag|9-17|Kungsholmen|Ku|
Jakobsgatan|torsdag|0-6|City|Va|
Jaktvarvsplan|tisdag|9-17|Kungsholmen|Ku|
Jarlaplan|onsdag|0-6|Östermalm|Ö/Va| Bägge områdena.
Johannesgatan|onsdag|0-6|Norrmalm|Va|
John Bergs Plan|måndag|9-17|Kungsholmen|Ku|
John Ericssonsgatan|onsdag|9-17|Kungsholmen|Ku|
Jungfrugatan|måndag|0-6|Östermalm|Ö|
Jägargatan|tisdag|9-14|Södermalm|Sö|
Kadettgatan|fredag|13-16|Vasastaden|Va|
Kallskärsgatan|onsdag|0-6|Gärdet|Ö|
Kammakargatan|fredag|0-6|Norrmalm|Va| Mellan Torsgatan och Sveavägen
Kammakargatan|onsdag|0-6|Norrmalm|Va| Mellan Sveavägen och Regeringsgatan
Kampementsgatan|fredag|0-6|Gärdet|Ö| Gäller ej 15 juni-15 augusti
Kapellgränd|måndag|0-6|Södermalm|Sö|
Kaplansbacken|tisdag|0-6|Kungsholmen|Ku|
Kaptensgatan|måndag|0-6|Östermalm|Ö|
Karlaplan|tisdag|0-6|Östermalm|Ö| Vid nr 1 och 3A-4
Karlaplan|onsdag|0-6|Östermalm|Ö|
Karlavägen|tisdag|0-6|Östermalm|Ö| Vid nr 15A-15B
Karlavägen|torsdag|0-6|Östermalm|Ö| Mellan Jarlaplan och Engelbrektsgatan
Karlavägen|onsdag|0-6|Östermalm|Ö| Mellan Karlaplan och Oxenstiernsgatan
Karlavägen|torsdag|0-6|Östermalm|Ö| Mellan Engelbrektsgatan och Karlaplan
Karlbergsvägen|måndag|0-6|Vasastaden|Va| Mellan Norrtullsgatan och Upplandsgatan
Karlbergsvägen|tisdag|0-6|Vasastaden|Besökare| Mellan Upplandsgatan och Västmannagatan Ej boendeparkering
Karlbergsvägen|fredag|0-6|Vasastaden|Va| Mellan Västmannagatan och Sankt Eriksgatan
Karlbergsvägen|fredag|13-16|Vasastaden|Va| Mellan Torsgatan och Norra Stationsgatan
Karlsviksgatan|tisdag|9-17|Kungsholmen|Ku|
Katarina Bangata|måndag|0-6|Södermalm|Sö|Mellan Bondegatan och Skånegatan
Katarina Bangata|tisdag|0-6|Södermalm|Sö|Mellan Skånegatan och Ringvägen
Katarina Bangata|onsdag|0-6|Södermalm|Sö|Mellan Skånegatan och Östgötagatan, vid Greta Garbos Torg samt mellan Ringvägen och Ljusterögatan
Katarina Västra Kyrkog.|fredag|0-6|Södermalm|Sö|
Katarina Ö. Kyrkogårdsgr.|fredag|0-6|Södermalm|Sö|
Katarinavägen|fredag|0-6|Södermalm|Sö|
Kattgränd|onsdag|9-14|Södermalm|Sö|
Kellgrensgatan|torsdag|0-6|Kungsholmen|Ku|
Klara Norra Kyrkogata|tisdag|0-6|City|Va|
Klara Södra Kyrkogata|onsdag|0-6|City|Va|
Klara Västra Kyrkogata|onsdag|0-6|City|Va|
Klarabergsviadukten|tisdag|0-6|City|Va|
Klevgränd|tisdag|0-6|Södermalm|Sö|
Klippgatan|tisdag|0-6|Södermalm|Sö|
Kocksgatan|torsdag|0-6|Södermalm|Sö|
Kommendörsgatan|tisdag|0-6|Östermalm|Ö|
Kornhamnstorg|tisdag|0-6|Gamla Stan|GS|
Kristinebergs Strand|onsdag|9-17|Kungsholmen|Ku| Gäller ej jämna veckor 1 maj-31 oktober
Kristinebergsvägen|onsdag|9-14|Kungsholmen|Ku|
Kristinehovsgatan|tisdag|0-6|Södermalm|Sö|
Kronobergsgatan|onsdag|0-6|Kungsholmen|Ku| Mellan Drottningholmsvägen och Kungsholms Strand
Kronobergsgatan|fredag|0-6|Kungsholmen|Ku| Mellan Hantverkargatan och Drottningholmsvägen
Krukmakarbacken|måndag|0-6|Södermalm|Sö|
Krukmakargatan|onsdag|0-6|Södermalm|Sö|
Kungsbro Strand|fredag|0-6|Kungsholmen|Ku|
Kungsbron|onsdag|0-6|City|Va|
Kungsbroplan|fredag|0-6|Kungsholmen|Ku|
Kungsgatan|onsdag|0-6|City|Va|
Kungsgatan|fredag|0-6|Kungsholmen|Ku|
Kungsholms Hamnplan|tisdag|9-17|Kungsholmen|Ku|
Kungsholms Kyrkoplan|fredag|0-6|Kungsholmen|Ku|
Kungsholms Strand|fredag|0-6|Kungsholmen|Ku|
Kungsholmsgatan|tisdag|0-6|Kungsholmen|Ku|
Kungsholmstorg|måndag|0-6|Kungsholmen|Ku|
Kungsklippan|torsdag|0-6|Kungsholmen|Ku|
Kungsklippan|onsdag|0-6|Kungsholmen|Ku| P-platsen vid Pipersgatan
Kungstensgatan|onsdag|9-12|Vasastaden|Va| Mellan Sveavägen och Dalagatan
Kungstensgatan|måndag|0-6|Vasastaden|Va| Mellan Sveavägen och Birger Jarlsgatan
Kungstensgatan|onsdag|0-6|Vasastaden|Ö|Mellan Birger Jarlsgatan och Karlavägen
Kungsträdgårdsgatan|fredag|0-6|City|Va|
Kvarngatan|onsdag|0-6|Södermalm|Sö|
Körsbärsvägen|tisdag|0-6|Östermalm|Ö|
Lagerlöfsgatan|fredag|0-6|Kungsholmen|Ku|
Levertinsgatan|tisdag|9-17|Kungsholmen|Ku|
Lidnersgatan|fredag|9-17|Kungsholmen|Ku|
Lidnersplan|onsdag|9-17|Kungsholmen|Ku|
Lignagatan|torsdag|0-6|Södermalm|Sö|
Lilla Erstagatan|tisdag|0-6|Södermalm|Sö|
Lilla Mejtens Gränd|måndag|0-6|Södermalm|Sö|
Lilla Nygatan|onsdag|0-6|Gamla Stan|GS|
Lill-Jans Plan|tisdag|0-6|Östermalm|Ö| Jämna sidan
Lill-Jans Plan|torsdag|0-6|Östermalm|Ö| Udda sidan
Lindhagensgatan|måndag|0-6|Kungsholmen|Ku|
Lindvallsgatan|tisdag|9-14|Södermalm|Sö|Mellan Bergsunds Strand och Slipgatan
Lindvallsgatan|torsdag|0-6|Södermalm|Sö|Mellan Lindvallsplan och Folkskolegatan
Lindvallsplan|torsdag|9-14|Södermalm|Sö|
Linnégatan|fredag|0-6|Östermalm|Ö|
Ljustergränd|måndag|0-6|Södermalm|Sö|
Ljusterögatan|torsdag|0-6|Södermalm|Sö|
Lodgatan|fredag|0-6|Östermalm|Ö|
Love Almqvists Väg|tisdag|9-17|Kungsholmen|Ku| Gäller ej udda veckor 1 maj-31 oktober
Lovisagatan|onsdag|0-6|Östermalm|Ö|
Ludvigsbergsgatan|måndag|0-6|Södermalm|Sö|
Lundagatan|måndag|0-6|Södermalm|Sö|
Luntmakargatan|torsdag|0-6|Vasastaden|Va|
Luthens Gränd|tisdag|0-6|Södermalm|Sö|
Luxgatan|torsdag|9-14|Kungsholmen|Ku|
Lützengatan|torsdag|0-6|Östermalm|Ö|
Långholmsgatan|måndag|0-6|Södermalm|Sö| Västra lokalkörbanan
Långholmsgatan|torsdag|0-6|Södermalm|Sö| Östra lokalkörbanan
Lästmakargatan|onsdag|0-6|City|Va|
Löjtnantsgatan|tisdag|0-6|Gärdet|Ö|
Magnus Ladulåsgatan|tisdag|0-6|Södermalm|Sö|
Majorsgatan|onsdag|0-6|Östermalm|Ö|
Malmgårdsvägen|måndag|0-6|Södermalm|Sö|
Malmskillnadsgatan|fredag|0-6|City|Va|
Malmtorgsgatan|fredag|0-6|City|Va|
Malmvägen|torsdag|0-6|Värtan|Besökare|Ej boendeparkering
Maria Bangata|onsdag|0-6|Södermalm|Sö|
Maria Prästgårdsgata|fredag|0-6|Södermalm|Sö|Mellan Rosenlundsgatan och Björngårdsgatan
Maria Prästgårdsgata|onsdag|0-6|Södermalm|Sö|Mellan vändplatserna vid nr 47-65, udda sidan mellan nr 29 och Timmermansgatan samt mellan Fredmansgatan och vändplatsen
Maria Sandells Gränd|måndag|0-6|Kungsholmen|Ku|
Maria Skolgata|måndag|0-6|Södermalm|Sö|
Maria Trappgränd|onsdag|9-14|Södermalm|Sö|
Mariatorget|måndag|0-6|Södermalm|Sö|
Mariebergsgatan|tisdag|0-6|Kungsholmen|Ku|
Mariedalsvägen|måndag|0-6|Kungsholmen|Ku|
Markvardsgatan|onsdag|0-6|Vasastaden|Va|
Messeniusgatan|måndag|9-17|Kungsholmen|Ku| Gäller ej jämna veckor 1 maj-31 oktober
Metargatan|fredag|9-14|Södermalm|Sö|
Mitisgatan|fredag|9-17|Kungsholmen|Ku|
Mjärdgränd|måndag|9-14|Södermalm|Sö|
Montebellogatan|torsdag|9-17|Kungsholmen|Ku|
Mosebacke Torg|onsdag|9-14|Södermalm|Sö|
Mosebacke Torg|tisdag|0-6|Södermalm|Sö|Södra sidan mot Svartensgatan
Munkbrogatan|torsdag|0-6|Gamla Stan|GS|
Munkbron|torsdag|0-6|Gamla Stan|GS|
Mälartorget|torsdag|0-6|Gamla Stan|GS|
Mäster Mikaels Gata|fredag|0-6|Södermalm|Sö|
Mäster Samuelsgatan|fredag|0-6|City|Va|
Möregatan|torsdag|0-6|Södermalm|Sö|
Nackagatan|måndag|0-6|Södermalm|Sö|
Narvavägen|onsdag|0-6|Östermalm|Ö|
Narvavägen|torsdag|0-6|Östermalm|Ö| Allén Fredrikshovsgatan - Banérgatan, Gäller ej 16 maj-30 nov
Nicandervägen|torsdag|9-14|Kungsholmen|Ku|
Nordenflychtsvägen|fredag|0-6|Kungsholmen|Ku|
Norr Mälarstrand|fredag|9-17|Kungsholmen|Ku| Mellan Baltzar von Platens Gata och Sysslomansgatan
Norr Mälarstrand|fredag|0-6|Kungsholmen|Ku| Mellan Samuel Owens Gata och Baltzar von Platens Gata
Norra Agnegatan|torsdag|0-6|Kungsholmen|Ku|
Norra Bantorget|tisdag|0-6|Vasastaden|Va|
Norra Stationsgatan|onsdag|0-6|Vasastaden|Va| Lokalkörbanan
Norra Stationsgatan|torsdag|0-6|Vasastaden|Va| Mellan Torsplan och Karlbergsvägen
Norrbackagatan|fredag|0-6|Vasastaden|Va| Mellan Drejargatan och Rörstrandsgatan
Norrbackagatan|torsdag|13-16|Vasastaden|Va| Mellan Birkagatan och Bråvallagatan
Norrbackagatan|måndag|13-16|Vasastaden|Va| Mellan Rörstrandsgatan och Kadettgatan
Norrbackagatan|tisdag|13-16|Vasastaden|Va| Mellan Kadettgatan och Torsplan
Norrskogsvägen|torsdag|9-14|Kungsholmen|Ku| Mellan Badstrandsvägen och Eknäsvägen, mellan Flottbrovägen och Stenhällsvägen samt mellan Stenshällsvägen och Badstrandsvägen
Norrskogsvägen|fredag|9-14|Kungsholmen|Ku| Mellan Sällskapsvägen och Flottbrovägen
Norrtullsgatan|fredag|9-12|Vasastaden|Va| Mellan Drottninggatan och Odengatan
Norrtullsgatan|måndag|11-14|Vasastaden|Va| Mellan Karlbergsvägen och Norrtull
Notvarpsgränd|fredag|9-14|Södermalm|Sö|
Nybergsgatan|tisdag|0-6|Östermalm|Ö|
Nybrogatan|torsdag|0-6|Östermalm|Ö|
Nybrokajen|torsdag|0-6|City|Va|
Nytorget|måndag|0-6|Södermalm|Sö|
Nytorgsgatan|onsdag|0-6|Södermalm|Sö|
Närkesgatan|måndag|0-6|Södermalm|Sö|
Nätgränd|måndag|9-14|Södermalm|Sö|
Observatoriegatan|tisdag|9-12|Vasastaden|Va|
Odengatan|torsdag|0-6|Vasastaden|Va| Mellan Torsgatan och Sveavägen
Odengatan|måndag|0-6|Vasastaden|Va| Mellan Verdandigatan och Birger Jarlsgatan
Odengatan|måndag|0-6|Vasastaden|Ö|Mellan Birger Jarlsgatan och Valhallavägen
Odengatan|torsdag|0-6|Vasastaden|Va| Mellan Sveavägen och Torsgatan
Ola Hanssonsgatan|torsdag|9-17|Kungsholmen|Ku| Gäller ej udda veckor 1 maj-31 oktober
Olaus Petrigatan|onsdag|0-6|Gärdet|Ö|
Olof Dalins Väg|onsdag|9-17|Kungsholmen|Ku| Gäller ej jämna veckor 1 maj-31 oktober
Olof Gjödingsgatan|onsdag|0-6|Kungsholmen|Ku|
Olof Palmes Gata|onsdag|0-6|City|Va|
Onkel Adams Väg|torsdag|9-17|Kungsholmen|Ku| Gäller ej jämna veckor 1 maj-31 oktober
Orvar Odds Väg|onsdag|9-17|Kungsholmen|Ku| Gäller ej udda veckor 1 maj-31 oktober
Oxenstiernsgatan|måndag|0-6|Östermalm|Ö|
Oxtorgsgatan|onsdag|0-6|City|Va|
Palmbladsvägen|onsdag|9-17|Kungsholmen|Ku| Gäller ej udda veckor 1 maj-31 oktober
Parkgatan|torsdag|0-6|Kungsholmen|Ku|
Parmmätargatan|tisdag|0-6|Kungsholmen|Ku| Norr om Hantverkargatan
Parmmätargatan|tisdag|9-17|Kungsholmen|Ku| Söder om Hantverkargatan
Patentgatan|onsdag|9-14|Kungsholmen|Ku|
Pilgatan|tisdag|0-6|Kungsholmen|Ku| Norr om Hantverkargatan
Pilgatan|tisdag|9-17|Kungsholmen|Ku| Söder om Hantverkargatan
Pipersgatan|onsdag|0-6|Kungsholmen|Ku|
Ploggatan|måndag|0-6|Södermalm|Sö|
PO Hallmans Gata|måndag|0-6|Kungsholmen|Ku|
Pokalvägen|måndag|9-14|Södermalm|Sö|
Polhemsgatan|onsdag|0-6|Kungsholmen|Ku| Mellan Hantverkargatan och Fleminggatan
Polhemsgatan|fredag|0-6|Kungsholmen|Ku| Norr om Fleminggatan
Polhemsgatan|fredag|9-17|Kungsholmen|Ku| Mellan Norr Mälarstrand och Hantverkargatan
Pontonjärgatan|torsdag|9-17|Kungsholmen|Ku|
Primusgatan|onsdag|9-14|Kungsholmen|Ku| Mellan Gamla Essinge Broväg och Dagnyvägen
Primusgatan|torsdag|9-14|Kungsholmen|Ku| Vinkelparkeringar vid Luxgatan
Pålsundsgatan|måndag|0-6|Södermalm|Sö|
Ragnar Östbergs Plan|tisdag|0-6|Kungsholmen|Ku|
Ragvaldsgatan|tisdag|0-6|Södermalm|Sö|
Regeringsgatan|tisdag|0-6|City|Va|
Rehnsgatan|fredag|0-6|Vasastaden|Va|
Reimersholmsgatan|torsdag|9-14|Södermalm|Sö|
Renstiernas Gata|torsdag|0-6|Södermalm|Sö|
Repslagargatan|fredag|0-6|Södermalm|Sö|
Riddargatan|fredag|0-6|Östermalm|Ö|
Riddarhuskajen|onsdag|0-6|Gamla Stan|GS|
Rigagatan|fredag|0-6|Östermalm|Ö|
Rindögatan|torsdag|0-6|Gärdet|Ö|
Ringvägen|måndag|0-6|Södermalm|Sö|Udda sidan lokalkörbanan mellan Blekingegatan och Älvsborgsgatan
Ringvägen|tisdag|0-6|Södermalm|Sö|Lokalkörbanan mellan Maria Bangata och Rosenlundsgatan
Ringvägen|tisdag|0-6|Södermalm|Sö|Mellan Renstiernas Gata och Malmgårdsvägen
Ringvägen|torsdag|0-6|Södermalm|Sö|Jämna sidan lokalkörbanan mellan Sachsgatan och Gräsgatan, lokalkörbanan vid Zinkensdamms idrottsplats samt mellan Yttersta Tvärgränd och Brännkyrkagatan
Ringvägen|torsdag|0-6|Södermalm|Sö|Lokalkörbanan mellan Östgötagatan och Renstiernas Gata
Robert Almströmsgatan|måndag|13-16|Vasastaden|Va|
Rosenlundsgatan|tisdag|0-6|Södermalm|Sö|
Roslagsgatan|måndag|0-6|Vasastaden|Va|
Ruddammsbacken|onsdag|0-6|Vasastaden|Ö|
Ruddammsvägen|tisdag|0-6|Vasastaden|Ö|
Runebergsgatan|måndag|0-6|Östermalm|Ö|
Runebergsplan|måndag|0-6|Östermalm|Ö| Gäller ej 15 juni-15 augusti
Runiusgatan|tisdag|9-17|Kungsholmen|Ku| Gäller ej jämna veckor 1 maj-31 oktober
Rutger Fuchsgatan|tisdag|0-6|Södermalm|Sö|
Rådlösavägen|onsdag|9-14|Kungsholmen|Ku|
Rådmansgatan|torsdag|9-12|Vasastaden|Va| Mellan Dalagatan och Västmannagatan och mellan Upplandsagatan och Sveavägen
Rådmansgatan|torsdag|0-6|Vasastaden|Va| Mellan Sveavägen och Birger Jarlsgatan
Rådmansgatan|tisdag|9-12|Vasastaden|Va| Mellan Västmannagatan och Upplandsgatan
Rådmansgatan|tisdag|0-6|Vasastaden|Va| Mellan Danderydsplan och Birger Jarlsgatan
Rådmansgatan|tisdag|0-6|Vasastaden|Ö|Mellan Birger Jarlsgatan och Lill-Jans Plan
Råggatan|måndag|0-6|Södermalm|Sö|
Rålambsvägen|torsdag|0-6|Kungsholmen|Ku|
Rödabergsbrinken|onsdag|13-16|Vasastaden|Va|
Rödabergsgatan|torsdag|13-16|Vasastaden|Va|
Rökubbsgatan|måndag|0-6|Gärdet|Ö|
Rörstrandsgatan|måndag|0-6|Vasastaden|Va| Mellan Sankt Eriksgatan och Norrbackagatan
Rörstrandsgatan|onsdag|13-16|Vasastaden|Va| Mellan Norrbackagatan och Karlbergsvägen, övre planet
Rörstrandsgatan|torsdag|13-16|Vasastaden|Va| Mellan Norrbackagatan och vändplatsen, nedre planet
S:t Paulsgatan|måndag|0-6|Södermalm|Sö|
S:t Eriksgatan|måndag|9-17|Kungsholmen|Ku| Mellan Norr Mälarstrand och Hantverkargatan
S:t Eriksgatan|fredag|0-6|Kungsholmen|Ku| Mellan Hantverkargatan och S:t Eriksbron
S:t Eriksgatan|tisdag|0-6|Vasastaden|Va| Mellan S:t Eriksbron och Norra Stationsgatan
S:t Eriksplan|onsdag|0-6|Vasastaden|Va|
S:t Göransgatan|tisdag|0-6|Kungsholmen|Ku|
Sachsgatan|måndag|0-6|Södermalm|Sö|
Saltmätargatan|tisdag|9-12|Vasastaden|Va|
Samaritgränd|fredag|0-6|Södermalm|Sö|
Samuel Owens Gata|fredag|9-17|Kungsholmen|Ku|
Sandbacksgatan|fredag|0-6|Södermalm|Sö|
Sandelsgatan|torsdag|0-6|Gärdet|Ö|
Sandhamnsgatan|fredag|0-6|Gärdet|Ö|
Sandhamnsplan|fredag|0-6|Gärdet|Ö|
Sandåsgatan|fredag|9-12|Vasastaden|Va|
Scheelegatan|onsdag|0-6|Kungsholmen|Ku|
Scheffersgatan|fredag|9-17|Kungsholmen|Ku| Gäller ej jämna veckor 1 maj-31 oktober
Segelbåtsvägen|torsdag|9-14|Kungsholmen|Ku|
Sehlstedtsgatan|torsdag|0-6|Gärdet|Ö|
Siargatan|måndag|0-6|Södermalm|Sö|
Sibyllegatan|fredag|0-6|Östermalm|Ö|
Sigtunagatan|onsdag|11-14|Vasastaden|Va|
Skeppargatan|onsdag|0-6|Gärdet|Ö|
Skillinggränd|måndag|9-17|Kungsholmen|Ku|
Skinnarviksringen|fredag|0-6|Södermalm|Sö|
Skogsmarksvägen|onsdag|9-14|Kungsholmen|Ku|
Skolgränd|onsdag|0-6|Södermalm|Sö|
Skånegatan|tisdag|0-6|Södermalm|Sö|Mellan Renstiernas Gata och Ploggatan
Skånegatan|onsdag|0-6|Södermalm|Sö|Mellan Katarina Bangata och Renstiernas Gata
Sköldgatan|tisdag|0-6|Södermalm|Sö|
Sköldungagatan|tisdag|0-6|Vasastaden|Va|
Slipgatan|onsdag|9-14|Södermalm|Sö|
Slottsbacken|onsdag|0-6|Gamla Stan|GS| Udda sidan, nedre planet
Slottsbacken|tisdag|0-6|Gamla Stan|GS| Jämna sidan, nedre planet samt öster om Österlånggatan
Slottskajen|onsdag|0-6|Gamla Stan|GS|
Slussplan|tisdag|0-6|Gamla Stan|GS|
Smedsbacksgatan|måndag|0-6|Gärdet|Ö|
Smålandsgatan|torsdag|0-6|City|Va|
Snoilskyvägen|tisdag|9-17|Kungsholmen|Ku| Gäller ej udda veckor 1 maj-31 oktober
Sockerbruksgränd|onsdag|9-14|Södermalm|Sö|
Sofiagatan|måndag|0-6|Södermalm|Sö|Gäller ej 15 juni-15 augusti
Solvändan|fredag|13-16|Vasastaden|Va|
Stadsgården|torsdag|0-6|Södermalm|Sö|
Stadshagens Idrottsväg|torsdag|0-6|Kungsholmen|Ku|
Stadshagsplan|tisdag|9-17|Kungsholmen|Ku|
Stadshagsvägen|fredag|9-17|Kungsholmen|Ku|
Stagneliusvägen|fredag|9-17|Kungsholmen|Ku| Gäller ej udda veckor 1 maj-31 oktober
Starrängsringen|torsdag|0-6|Gärdet|Ö|
Stenbocksgatan|fredag|0-6|Östermalm|Ö|
Stenkullagränd|måndag|9-14|Kungsholmen|Ku|
Stenkullavägen|tisdag|9-14|Kungsholmen|Ku| Mellan Essingestråket och Essingekroken, öster om Essingekroken och mellan Rådlösavägen och Essinge Högväg
Stenkullavägen|fredag|9-14|Kungsholmen|Ku| Mellan Essingestråket och Skogsmarksvägen
Stenshällsvägen|fredag|9-14|Kungsholmen|Ku|
Stickelbärsvägen|onsdag|0-6|Östermalm|Ö|
Stiernhielmsvägen|tisdag|9-17|Kungsholmen|Ku|
Stigbergsgatan|fredag|0-6|Södermalm|Sö|
Stora Gråmunkegränd|torsdag|0-6|Gamla Stan|GS|
Stora Nygatan|tisdag|0-6|Gamla Stan|GS|
Storgatan|måndag|0-6|Östermalm|Ö|
Storkyrkobrinken|tisdag|0-6|Gamla Stan|GS|
Storskärsgatan|fredag|0-6|Gärdet|Ö|
Strandbergsgatan|fredag|0-6|Kungsholmen|Ku|
Strandvägen|tisdag|0-6|Östermalm|Ö| Mellan Nybroplan och Narvavägen
Strandvägen|onsdag|0-6|Östermalm|Ö| Öster om Narvavägen
Strindbergsgatan|tisdag|0-6|Gärdet|Ö|
Strykerskevägen|tisdag|9-14|Kungsholmen|Ku|
Strålgatan|onsdag|9-14|Kungsholmen|Ku|
Studentbacken|tisdag|0-6|Gärdet|Ö|
Sturegatan|tisdag|0-6|Östermalm|Ö|
Styrmansgatan|tisdag|0-6|Östermalm|Ö|
Surbrunnsgatan|onsdag|11-14|Vasastaden|Va| Mellan Norrtullsgatan och Sveavägen
Surbrunnsgatan|torsdag|0-6|Vasastaden|Va| Mellan Sveavägen och Birger Jarlsgatan
Surbrunnsgatan|torsdag|0-6|Vasastaden|Ö|Mellan Birger Jarlsgatan och Valhallavägen
Svartensgatan|tisdag|0-6|Södermalm|Sö|
Svarvargatan|måndag|0-6|Kungsholmen|Ku|
Sveavägen|måndag|0-6|Vasastaden|Va| Söder om Odengatan samt mellan Norrtull och Sveaplan
Sveavägen|onsdag|0-6|Vasastaden|Va| P-platsen vid Wenner-Gren
Sveavägen|fredag|0-6|Vasastaden|Va| Mellan Sveaplan och Odengatan
Sveavägen|fredag|11-14|Vasastaden|Va| Lokalkörbanorna vid Ynglingagatan, vid nr 115-123 och vid nr 103
Svedbergsplan|tisdag|9-17|Kungsholmen|Ku| Gäller ej 15 juni-15 augusti
Svedbergsstigen|tisdag|9-17|Kungsholmen|Ku| Gäller ej 15 juni-15 augusti
Swedenborgsgatan|måndag|0-6|Södermalm|Sö|
Sven Rinmans Gata|fredag|9-17|Kungsholmen|Ku|
Sysslomansgatan|onsdag|9-17|Kungsholmen|Ku|
Sågargatan|torsdag|0-6|Södermalm|Sö|
Sällskapsvägen|fredag|9-14|Kungsholmen|Ku|
Söder Mälarstrand|fredag|0-6|Södermalm|Sö|
Södermannagatan|måndag|0-6|Södermalm|Sö|Mellan Katarina Bangata och Skånegatan
Södermannagatan|torsdag|0-6|Södermalm|Sö|Mellan Bohusgatan och Katarina Bangata samt mellan Skånegatan och Tjärhovsgatan
Södra Agnegatan|torsdag|0-6|Kungsholmen|Ku| Norr om Hantverkargatan
Södra Agnegatan|torsdag|9-17|Kungsholmen|Ku| Söder om Hantverkargatan
Södra Blasieholmshamnen|onsdag|0-6|City|Va|
Tantogatan|onsdag|0-6|Södermalm|Sö|
Taptogatan|fredag|0-6|Östermalm|Ö|
Tavastgatan|onsdag|9-14|Södermalm|Sö|
Teatergatan|torsdag|0-6|City|Besökare|Ej boendeparkering
Tegeluddsvägen|onsdag|0-6|Gärdet|Ö|
Tegelviksgatan|tisdag|0-6|Södermalm|Sö|
Tegnérgatan|tisdag|9-12|Vasastaden|Va| Mellan Svevägen och Dalagatan
Tegnérgatan|onsdag|0-6|Vasastaden|Va| Mellan Sveavägen och Birger Jarlsgatan
Tegnérgatan|onsdag|0-6|Vasastaden|Ö|Mellan Birger Jarlsgatan och Karlavägen
Tegnérgatan|tisdag|9-12|Vasastaden|Va| Mellan Holländargatan och Dalagatan
Tegnérlunden|fredag|9-12|Vasastaden|Va|
Teknologgatan|måndag|9-12|Vasastaden|Va|
Tempeltrappan|fredag|13-16|Vasastaden|Va|
Tengdahlsgatan|tisdag|0-6|Södermalm|Sö|Mellan östra vändplatsen och Tegelviksgatan
Tengdahlsgatan|torsdag|0-6|Södermalm|Sö|Mellan norra vändplatsen och Tegelviksgatan
Thorildsvägen|fredag|9-17|Kungsholmen|Ku|
Tideliusgatan|tisdag|0-6|Södermalm|Sö|
Timmermansgatan|tisdag|0-6|Södermalm|Sö|Mellan Tavastgatan och Hornsgatan
Timmermansgatan|torsdag|0-6|Södermalm|Sö|
Timotejgatan|torsdag|0-6|Södermalm|Sö|
Tjurbergsgatan|onsdag|0-6|Södermalm|Sö|
Tjustgatan|torsdag|0-6|Södermalm|Sö|
Tjärhovsgatan|tisdag|0-6|Södermalm|Sö|Mellan Renstiernas Gata och vändplatsen
Tjärhovsgatan|onsdag|0-6|Södermalm|Sö|Mellan Götgatan och Renstiernas Gata
Tobaksspinnargatan|tisdag|9-14|Södermalm|Sö|
Tomtebogatan|torsdag|13-16|Vasastaden|Va|
Torbjörn Klockares Gata|onsdag|13-16|Vasastaden|Va| Mellan Solvändan och vändplatsen
Torbjörn Klockares Gata|måndag|13-16|Vasastaden|Va| Mellan Falugatan och Gävlegatan
Torggatan|fredag|9-14|Kungsholmen|Ku|
Torkel Knutssonsgatan|fredag|0-6|Södermalm|Sö|
Torsgatan|måndag|0-6|Vasastaden|Va| Udda sidan mellan Odengatan och Lokstallsgatan
Torsgatan|måndag|0-6|Vasastaden|Va| Mellan Torsplan och Odengatan
Torsgatan|tisdag|0-6|Vasastaden|Va| Mellan Odengatan och Norra Bantorget
Torsgränd|tisdag|0-6|Vasastaden|Va|
Torsplan|tisdag|13-16|Vasastaden|Va|
Torstenssonsgatan|onsdag|0-6|Östermalm|Ö|
Tre Liljor|tisdag|11-14|Vasastaden|Va|
Tredje Bassängvägen|onsdag|0-6|Värtan|Besökare|Ej boendeparkering
Trålgränd|måndag|9-14|Södermalm|Sö|
Tulegatan|tisdag|0-6|Vasastaden|Va|
Tullgårdsgatan|måndag|0-6|Södermalm|Sö|
Tullvaktsvägen|torsdag|0-6|Södermalm|Sö|
Tvätterskevägen|måndag|9-14|Kungsholmen|Ku|
Tyrgatan|tisdag|0-6|Östermalm|Ö|
Tyskbagargatan|torsdag|0-6|Östermalm|Ö|
Tysta Gatan|torsdag|0-6|Östermalm|Ö|
Uggelviksgatan|måndag|0-6|Vasastaden|Ö|
Ulrikagatan|onsdag|0-6|Östermalm|Ö|
Ulriksborgsgatan|måndag|0-6|Kungsholmen|Ku| jämn sida och del av udda sida
Upplandsgatan|torsdag|0-6|Vasastaden|Va| Mellan Barnhusgatan och Kammakargatan
Upplandsgatan|onsdag|9-12|Vasastaden|Va| Mellan Kammakargatan och Odengatan
Upplandsgatan|onsdag|11-14|Vasastaden|Va| Norr om Karlbergsvägen
Valhallavägen|tisdag|0-6|Östermalm|Ö| P-platsen vid nr 1 (gäller ej 2 maj-30 nov) samt allén mellan Drottning Sofias Väg och Sturegatan
Valhallavägen|torsdag|0-6|Östermalm|Ö| P-platsen mellan Ingemarsgatan och Frejgatan
Valhallavägen|onsdag|0-6|Östermalm|Ö| Mellan Frejgatan och Lill-Jans Plan
Valhallavägen|fredag|0-6|Östermalm|Ö| P-platsen vid nr 11
Valhallavägen|torsdag|0-6|Östermalm|Ö| Allén mellan Brahegatan och Nybrogatan samt lokalkörbanan mellan Erik Dahlbergsgatan och Hedinsgatan
Valhallavägen|onsdag|0-6|Östermalm|Ö| Mellan Lill-Jans Plan och Hedinsgatan
Valhallavägen|måndag|0-6|Östermalm|Ö| Mellan Hedinsgatan och Oxenstiernsgatan
Wallingatan|tisdag|0-6|Norrmalm|Va|
Vanadisvägen|onsdag|9-14|Vasastaden|Va|
Warfvinges Väg|onsdag|0-6|Kungsholmen|Ku|
Wargentinsgatan|tisdag|0-6|Kungsholmen|Ku|
Varvsgatan|fredag|0-6|Södermalm|Sö|
Vegagatan|torsdag|9-12|Vasastaden|Va|
Welanders Väg|fredag|9-17|Kungsholmen|Ku|
Wennerbergsgatan|fredag|9-17|Kungsholmen|Ku| Gäller ej 15 juni-15 augusti
Verdandigatan|tisdag|0-6|Östermalm|Ö|
Verkstadsgatan|måndag|9-14|Södermalm|Sö|Mellan Bergsundsstrand och Bergsundsgatan
Verkstadsgatan|onsdag|9-14|Södermalm|Sö|Mellan Bersundsgatan och Långholmsgatan
Vetegatan|onsdag|0-6|Södermalm|Sö|
Vidargatan|torsdag|11-14|Vasastaden|Va|
Vikingagatan|onsdag|13-16|Vasastaden|Va| Mellan Rörstrandsgatan och Karlbergsvägen
Vikingagatan|måndag|13-16|Vasastaden|Va| Mellan Karlbergsvägen och Solvändan
Vikingagatan|fredag|13-16|Vasastaden|Va| Mellan Kadettgatan och Torbjörn Klockares Gata
Viktor Rydbergs Gata|onsdag|9-17|Kungsholmen|Ku| Gäller ej jämna veckor 1 maj-31 oktober
Villagatan|fredag|0-6|Östermalm|Ö|
Vindragarvägen|tisdag|9-14|Södermalm|Sö|Gäller ej 15 juni-15 augusti
Vitalisvägen|måndag|9-17|Kungsholmen|Ku| Gäller ej jämna veckor 1 maj-31 oktober
Wittstocksgatan|torsdag|0-6|Östermalm|Ö|
Wivalliusgatan|onsdag|9-17|Kungsholmen|Ku| Gäller ej udda veckor 1 maj-31 oktober
Wollmar Yxkullsgatan|torsdag|0-6|Södermalm|Sö|
Vulcanusgatan|fredag|13-16|Vasastaden|Va|
Vänskapsvägen|måndag|9-14|Kungsholmen|Ku| Mitt emot nr 49 till Badstrandsvägen
Vänskapsvägen|fredag|9-14|Kungsholmen|Ku| Badstrandsvägen till mitt emot nr 49
Väpnargatan|torsdag|0-6|Östermalm|Ö|
Väringgatan|onsdag|13-16|Vasastaden|Va|
Värtavägen|tisdag|0-6|Gärdet|Ö|
Västeråsgatan|fredag|11-14|Vasastaden|Va|
Västgötagatan|onsdag|0-6|Södermalm|Sö|
Västmannagatan|fredag|0-6|Vasastaden|Va| Mellan Wallingatan och Kammakargatan
Västmannagatan|måndag|9-12|Vasastaden|Va| Mellan Kammakargatan och Odengatan
Västmannagatan|måndag|11-14|Vasastaden|Va| Mellan Karlbergsvägen och Sankt Eriksgatan
Västra Trädgårdsgatan|onsdag|0-6|City|Va|
Völundsgatan|måndag|13-16|Vasastaden|Va|
Ynglingagatan|onsdag|11-14|Vasastaden|Va|
Zinkens Väg|torsdag|0-6|Södermalm|Sö|
Ångströmsgatan|fredag|0-6|Kungsholmen|Ku|
Åsögatan|fredag|0-6|Södermalm|Sö|
Älvsborgsgatan|torsdag|9-15|Södermalm|Sö|
Ängskärsgatan|måndag|0-6|Gärdet|Ö|
Ölandsgatan|fredag|0-6|Södermalm|Sö|
Öregrundsgatan|torsdag|0-6|Gärdet|Ö|
Östermalmsgatan|fredag|0-6|Östermalm|Ö|
Östermalmstorg|onsdag|0-6|Östermalm|Besökare| Ej boendeparkering
Östgötagatan|måndag|0-6|Södermalm|Sö|Mellan Bondegatan och Skånegatan
Östgötagatan|onsdag|0-6|Södermalm|Sö|Mellan Skånegatan och Norra Hammarbyhamnen
Östgötagatan|torsdag|0-6|Södermalm|Sö|Mellan Mosebacke Torg och Bondegatan
Östhammarsgatan|tisdag|0-6|Gärdet|Ö|
Östra Järnvägsgatan|torsdag|0-6|City|Va|