Adlerbethsgatan|3|9-17|Kungsholmen|Ku|Gäller ej jämna veckor 1 maj–31 oktober
Adlerbethsgatan|5|9-17|Kungsholmen|Ku|Lokalkörbanan
Adolf Fredriks Kyrkogata|5|0-6|Norrmalm|Va|
Allhelgonagatan|4|9-14|Södermalm|Sö|
Alsnögatan|3|9-14|Södermalm|Sö|
Alströmergatan|5|0-6|Kungsholmen|Ku|
Anders Reimers Väg|5|9-14|Södermalm|Sö|
Anders Reimers Väg|5|9-14|Södermalm|Sö|P-platsen mittemot 4-6 Gäller ej 15 juni-15 augusti.
Andra Bassängvägen|2|0-6|Värtan|Ö|Besökare Ej boendeparkering
Arbetargatan|3|0-6|Kungsholmen|Ku|
Armfeltsgatan|5|0-6|Gärdet|Ö|
Artillerigatan|2|0-6|Gärdet|Ö|
Artillerigatan|2|0-6|Östermalm|Ö|
Askrikegatan|3|0-6|Gärdet|Ö|
Assessorsgatan|5|9-14|Södermalm|Sö|
Atlasgatan|1|13-16|Vasastaden|Va|
Atlasmuren|5|13-16|Vasastaden|Va|
Atterbomsvägen|1|9-17|Kungsholmen|Ku|Gäller ej udda veckor 1 maj-31 oktober
Badstrandsvägen|2|9-14|Kungsholmen|Ku|
Baldersgatan|2|0-6|Östermalm|Ö|
Baltzar von Platens Gata|3|9-17|Kungsholmen|Ku|
Banérgatan|1|0-6|Östermalm|Ö|
Barnhusgatan|5|0-6|Norrmalm|Va
Barnängsgatan|5|0-6|Södermalm|Sö|
Bastugatan|2|9-14|Södermalm|Sö|
Beckbrännarbacken|5|0-6|Södermalm|Sö|
Bellmansgatan|4|0-6|Södermalm|Sö|
Bellmansgatan|4|9-14|Södermalm|Sö|Mellan Tavastgatan och Hornsgatan
Bengt Ekehjelmsgatan|4|0-6|Södermalm|Sö|
Bergsgatan|1|0-6|Kungsholmen|Ku|
Bergsmarksvägen|2|9-14|Kungsholmen|Ku|
Bergsunds Strand|2|9-14|Södermalm|Sö|
Bergsundsgatan|4|9-14|Södermalm|Sö|
Bigarråvägen|4|0-6|Östermalm|Ö|
Birger Jarlsgatan|4|0-6|Östermalm|Ö/Va|Besökare Mellan Jarlaplan och Kungstensgatan. Ej boendeparkering
Birger Jarlsgatan|1|0-6|Östermalm|Ö/Va|Bägge områdena. Mellan Kungstensgatan och Rådmansgatan
Birger Jarlsgatan|2|0-6|Östermalm|Ö/Va|Bägge områdena. Lokalkörbanan mellan Rådmansgatan och Eriksbergsgatan
Birger Jarlsgatan|3|0-6|Östermalm|Ö/Va|Bägge områdena. Mellan Frejgatan och Jarlaplan samt mellan Rådmansgatan och Engelbrektsgatan
Birger Jarlsgatan|4|0-6|Östermalm|Ö/Va|Bägge -områdena. Mellan Valhallavägen och Frejgatan
Birger Sjöbergs Väg|1|9-17|Kungsholmen|Ku|
Birkagatan|2|13-16|Vasastaden|Va|
Bjurholmsgatan|5|0-6|Södermalm|Sö|
Bjurholmsplan|5|0-6|Södermalm|Sö|
Björngårdsgatan|5|0-6|Södermalm|Sö|
Blanchegatan|5|0-6|Gärdet|Ö|
Blasieholmsgatan|2|0-6|City|Va|
Blecktornsbrinken|5|9-14|Södermalm|Sö|
Blecktornsgränd|2|9-14|Södermalm|Sö|
Blecktornsstigen|5|9-14|Södermalm|Sö|
Blekholmsterassen|2|0-6|City|Va|
Blekingegatan|2|9-14|Södermalm|Sö|Mellan Grindsgatan och Assessorsgatan
Blekingegatan|2|0-6|Södermalm|Sö|Mellan Ringvägen och Götgatan
Blekingegatan|2|0-6|Södermalm|Sö|Mellan Götgatan och Östgötagatan
Bo Bergmans Gata|1|0-6|Gärdet|Ö|
Bohusgatan|2|0-6|Södermalm|Sö|
Bolinders Plan|2|0-6|Kungsholmen|Ku|
Bondegatan|1|0-6|Södermalm|Sö|
Bondesonsgatan|5|9-17|Kungsholmen|Ku|Gäller ej udda veckor 1 maj-31 oktober
Borgargatan|1|0-6|Södermalm|Sö|
Borgmästargatan|4|0-6|Södermalm|Sö|
Bragevägen|5|0-6|Östermalm|Ö|
Brahegatan|2|0-6|Östermalm|Ö|
Brantingsgatan|3|0-6|Gärdet|Ö|
Breitenfeldsgatan|4|0-6|Östermalm|Ö|
Brunbärsvägen|4|0-6|Östermalm|Ö|
Brunnsgatan|2|0-6|Norrmalm|Va|
Bryggargatan|2|0-6|City|Va|
Bråvallagatan|3|13-16|Vasastaden|Va|
Brännerigatan|3|0-6|Södermalm|Sö|
Brännkyrkagatan|4|0-6|Södermalm|Sö|
Bältgatan|5|0-6|Östermalm|Ö|På jämna sidan
Bältgatan|3|0-6|Östermalm|Ö|På udda sidan
Böttigervägen|4|9-14|Kungsholmen|Ku|
Cardellgatan|2|0-6|Östermalm|Ö|
Carl-Gustav Lindstedts Gata|1|0-6|Kungsholmen|Ku|
Celsiusgatan|1|0-6|Kungsholmen|Ku|
Chapmansgatan|2|9-17|Kungsholmen|Ku|
Creutzgatan|5|9-14|Kungsholmen|Ku|
Dag Hammarskjölds Väg|5|0-6|Östermalm|Ö|
Dalagatan|1|0-6|Vasastaden|Va|Mellan Wallingatan och Kalrbergsvägen
Dalagatan|2|11-14|Vasastaden|Va|Mellan Karlbergsvägen och Sankt Eriksgatan
Dalagatan|2|13-16|Vasastaden|Va|Mellan Sankt Eriksgatan och Norra Stationsgatan
Dalslandsgatan|4|9-14|Södermalm|Sö|
Danderydsgatan|3|0-6|Östermalm|Ö|
Dannemoragatan|3|11-14|Vasastaden|Va|Vid nr 4
Dannemoragatan|2|11-14|Vasastaden|Va|
David Bagares Gata|4|0-6|Norrmalm|Va|
De Geersgatan|3|0-6|Gärdet|Ö|
Disponentgatan|3|9-14|Kungsholmen|Ku|
Djurgårdsvägen|5|0-6|Djurgården|Ö|Gäller ej 16 maj-30 nov
Doktor Abelins Gata|1|0-6|Södermalm|Sö|
Drejargatan|2|0-6|Vasastaden|Va|
Drottninggatan|5|9-12|Vasastaden|Va|
Drottningholmsvägen|5|0-6|Kungsholmen|Ku|Udda sidan
Drottningholmsvägen|3|0-6|Kungsholmen|Ku|Jämna sidan
Duvnäsgatan|2|0-6|Södermalm|Sö|
Döbelnsgatan|5|0-6|Vasastaden|Va|
Dörjgränd|1|0-6|Södermalm|Sö|
Ehrensvärdsgatan|1|9-14|Kungsholmen|Ku|
Eknäsvägen|5|9-14|Kungsholmen|Ku|
Elersvägen|1|9-17|Kungsholmen|Ku|
Engelbrekts Kyrkogata|5|0-6|Östermalm|Ö|
Engelbrektsgatan|4|0-6|Östermalm|Ö|
Ensittarvägen|2|9-14|Kungsholmen|Ku|
Eremetvägen|3|9-14|Kungsholmen|Ku|
Erik Dahlbergsallén|5|0-6|Östermalm|Ö|
Erik Dahlbergsgatan|1|0-6|Gärdet|Ö|
Erik Dahlbergsgatan|2|0-6|Gärdet|Ö|Allén mellan Valhallavägen och Kallskärsgatan, gäller ej 16 maj-30 nov
Erik Dahlbergsgatan|4|0-6|Gärdet|Ö|Allén mellan Kallskärsgatan och Blanchegatan, gäller ej 16 maj-30 nov
Eriksbergsgatan|3|0-6|Östermalm|Ö|
Eriksbergsgatan|4|0-6|Östermalm|Ö|Udda sidan mellan Eriksbergparken och nr 19
Eriksbergsparken|4|0-6|Östermalm|Ö|
Eriksdalsgatan|3|9-14|Södermalm|Sö|
Ernst Ahlgrens Väg|3|9-17|Kungsholmen|Ku|Gäller ej jämna veckor 1 maj-31 oktober
Erstagatan|3|0-6|Södermalm|Sö|
Essinge Brogata|2|9-14|Kungsholmen|Ku|Gäller ej 15 juni-15 augusti
Essinge Högväg|3|9-14|Kungsholmen|Ku|Mellan vändplatsen och Rådlösavägen
Essinge Högväg|1|9-14|Kungsholmen|Ku|Mellan Stenkullavägen och Stenkullagränd
Essinge Högväg|1|9-14|Kungsholmen|Ku|Mellan Stenkullagränd och vändplatsen
Essinge Kyrkväg|4|9-14|Kungsholmen|Ku|
Essingeringen|2|9-14|Kungsholmen|Ku|Mellan Essingestråket och Gammelgårdsvägen
Essingeringen|3|9-14|Kungsholmen|Ku|Mellan Källbergsvägen och Eknäsvägen
Essingeringen|3|9-14|Kungsholmen|Ku|Mellan Stenshällsvägen och Flottbrovägen
Essingeringen|4|9-14|Kungsholmen|Ku|Mellan Eknäsvägen och Flottbrovägen
Essingeringen|4|9-14|Kungsholmen|Ku|Mellan Gammelgårdsvägen och Flottbrovägen
Essingestråket|1|9-14|Kungsholmen|Ku|Mellan Bergsmarksvägen och Stenkullavägen
Essingestråket|1|9-14|Kungsholmen|Ku| Mellan Stenkullavägen och Eremitvägen
Essingestråket|1|9-14|Kungsholmen|Ku| Mellan Eremitvägen och Essingetorget
Essingestråket|3|9-14|Kungsholmen|Ku| Mellan Bergsmarksvägen och vändplatsen och vid nr 38-40
Essingestråket|4|9-14|Kungsholmen|Ku| Mellan Stenkullavägen och Eremitvägen och mitt emot 3-5
Essingetorget|2|9-14|Kungsholmen|Ku|
Falugatan|1|13-16|Vasastaden|Va|
Fatburs Brunnsgata|1|0-6|Södermalm|Sö|
Fatburs Kvarngata|3|0-6|Södermalm|Sö|
Fatbursgatan|1|0-6|Södermalm|Sö|
Fiskargatan|3|9-14|Södermalm|Sö|
Fjällgatan|3|0-6|Södermalm|Sö|
Fjärde Bassängvägen|3|0-6|Värtan|Ö|Besökare Ej boendeparkering
Fleminggatan|1|0-6|Kungsholmen|Ku|Väster om S:t Eriksgatan
Fleminggatan|3|0-6|Kungsholmen|Ku|Öster om S:t Eriksgatan
Flintbacken|2|9-14|Södermalm|Sö|
Floragatan|1|0-6|Östermalm|Ö|
Flottbrovägen|1|9-14|Kungsholmen|Ku|Mellan Essinge Kyrkväg och vändplatsen samt vid nr 18-20
Flottbrovägen|3|9-14|Kungsholmen|Ku|Mellan nr 24-30
Folkskolegatan|5|9-14|Södermalm|Sö|
Folkungagatan|1|0-6|Södermalm|Sö|
Franzéngatan|4|0-6|Kungsholmen|Ku|
Fredhällsgatan|5|0-6|Kungsholmen|Ku|Mellan Stagneliusvägen och Rålambsvägen
Fredhällsgatan|5|9-17|Kungsholmen|Ku|Mellan Rålambsvägen och Adlerbethsgatan
Fredmansgatan|3|0-6|Södermalm|Sö|
Fredrikshovsgatan|2|0-6|Östermalm|Ö|
Frejgatan|5|11-14|Vasastaden|Va| Mellan Sveavägen och Västmannagatan
Frejgatan|3|11-14|Vasastaden|Va| Mellan Västmannagatan och Karlbergsvägen
Frejgatan|3|0-6|Vasastaden|Va| Mellan Sveavägen och Birger Jarlsgatan
Frejgatan|3|0-6|Vasastaden|Ö|Mellan Birger Jarlsgatan och Valhallavägen
Fridhemsgatan|1|0-6|Kungsholmen|Ku| Norr om Hantverkargatan
Fridhemsgatan|1|9-17|Kungsholmen|Ku| Söder om Hantverkargatan
Friggagatan|2|0-6|Östermalm|Ö|
Fryxellsgatan|3|0-6|Östermalm|Ö|Gäller ej jämna veckor 1 maj-31 oktober
Frödingsvägen|2|0-6|Kungsholmen|Ku|
Furusundsgatan|5|0-6|Gärdet|Ö|
Fyrverkarbacken|1|0-6|Kungsholmen|Ku| Vid nr 20-27
Fyrverkarbacken|4|0-6|Kungsholmen|Ku| Gäller ej udda veckor 1 maj-31 oktober
Gambrinusgatan|1|0-6|Kungsholmen|Ku|
Gamla Brogatan|4|0-6|City|Va|
Gammelgårdsvägen|3|9-14|Kungsholmen|Ku| Mellan Essinge Kyrkväg och Essingeringen
Gammelgårdsvägen|5|9-14|Kungsholmen|Ku| Mellan Essingeringen och Essinge Kyrkväg
Garvar Lundins Gränd|3|9-17|Kungsholmen|Ku|
Garvargatan|4|9-17|Kungsholmen|Ku|
Gaveliusgatan|3|0-6|Södermalm|Sö|
Geijersvägen|4|9-14|Kungsholmen|Ku|
Gillögagatan|2|0-6|Gärdet|Ö|
Gjutargatan|1|0-6|Kungsholmen|Ku|
Gjörwellsgatan|3|0-6|Kungsholmen|Ku| Gäller ej udda veckor 1 maj-31 oktober
Glasbruksgatan|2|0-6|Södermalm|Sö|
Gotlandsgatan|4|0-6|Södermalm|Sö|
Gotlandsgatan|2|0-6|Södermalm|Sö|Mellan Katarina Bangata och Renstiernas Gata
Grev Magnigatan|3|0-6|Östermalm|Ö|
Grev Turegatan|3|0-6|Östermalm|Ö|
Grevgatan|4|0-6|Östermalm|Ö|
Grindsgatan|4|0-6|Södermalm|Sö|
Grubbensringen|4|0-6|Kungsholmen|Ku|
Gruvbacken|4|0-6|Södermalm|Sö|
Gräsgatan|2|9-14|Södermalm|Sö|
Gustav Adolfs Torg|2|0-6|City|Va|
Gyldéngatan|1|9-12|Vasastaden|Va|
Gyllenborgsgatan|5|9-14|Kungsholmen|Ku|
Gyllenstiernsgatan|5|0-6|Östermalm|Ö|
Gästrikegatan|4|11-14|Vasastaden|Va|
Gävlegatan|5|13-16|Vasastaden|Va| Mellan Torsplan och Hudiksvallsgatan
Götgatan|5|9-14|Södermalm|Sö|
Hagagatan|2|11-14|Vasastaden|Va|
Hallandsgatan|3|0-6|Södermalm|Sö|
Hammargatan|3|0-6|Östermalm|Ö|
Hamngatan|4|0-6|City|Va|
Hangövägen|2|0-6|Värtan|Ö|Besökare Ej boendeparkering
Hantverkargatan|3|0-6|Kungsholmen|Ku| Lokalkörbanan mellan Olof Gjödingsgatan och Polhemsgatan
Hantverkargatan|2|0-6|Kungsholmen|Ku| Mellan Fridhemsplan och S:t Eriksgatan
Hantverkargatan|3|0-6|Kungsholmen|Ku| Lokalkörbanan mellan Olof Gjödingsgatan och Polhemsgatan
Hantverkargatan|4|0-6|Kungsholmen|Ku| Mellan S:t Eriksgatan och Kungsholmstorg
Hantverkargatan|5|0-6|Kungsholmen|Ku| Mellan Kungsholmstorg och Ragnar Östbergs Plan
Havregatan|5|0-6|Södermalm|Sö|
Hedemoratäppan|1|13-16|Vasastaden|Va|
Hedinsgatan|4|0-6|Gärdet|Ö|
Heimdalsgatan|4|11-14|Vasastaden|Va|
Heleneborgsgatan|2|0-6|Södermalm|Sö|
Helgagatan|2|9-14|Södermalm|Sö|
Helgagatan|2|9-14|Södermalm|Sö|
Helgalunden|2|9-14|Södermalm|Sö|
Hjalmar Söderbergs Väg|4|9-17|Kungsholmen|Ku| Mellan Geijersvägen och vändplatsen
Hjalmar Söderbergs Väg|3|9-17|Kungsholmen|Ku| Mellan Levertinsgatan och Nordenflychtsvägen. Gäller ej jämna veckor 1 maj-31 oktober
Hjärnegatan|3|0-6|Kungsholmen|Ku|
Holländargatan|1|9-12|Vasastaden|Va|
Hornsbergsvägen|3|0-6|Kungsholmen|Ku|
Hornsbruksgatan|4|0-6|Södermalm|Sö|
Hornsgatan|4|9-14|Södermalm|Sö|Mellan Hornstulls strand och Långholmsgatan
Hornsgatan|4|0-6|Södermalm|Sö|Mellan Långholmsgatan och Ringvägen
Hornsgatan|1|0-6|Södermalm|Sö|Mellan Ringvägen och Mariatorget
Hornsgatan|5|0-6|Södermalm|Sö|Mellan Mariatorget och Götgatan, lokalkörbanan samt mellan Rosenlundsgatan och Torkel Knutssonsgatan, lokalkörbanan
Hornskroken|3|0-6|Södermalm|Sö|
Hornstulls Strand|5|9-14|Södermalm|Sö|
Hovslagargatan|2|0-6|City|Va|
Hudiksvallsgatan|2|13-16|Vasastaden|Va|
Humlegårdsgatan|4|0-6|Östermalm|Ö|Besökare Ej boendeparkering
Hälsingegatan|5|11-14|Vasastaden|Va| Mellan Odengatan och Vanadisplan
Hälsingegatan|4|13-16|Vasastaden|Va| Mellan Vanadisplan och Norra Stationsgatan
Hälsingehöjden|4|11-14|Vasastaden|Va|
Hästholmsvägen|2|8-16|Södermalm|Sö|1 december-15 maj
Högalidsgatan|3|0-6|Södermalm|Sö|
Högalidsgatan|2|9-14|Södermalm|Sö|Väster om Långholmsgatan
Högbergsgatan|4|0-6|Södermalm|Sö|Mellan Götgatan och Nytorgsgatan
Högbergsgatan|3|0-6|Södermalm|Sö|Mellan Rosenlundsgatan och Götgatan
Hökens Gata|4|9-14|Södermalm|Sö|
Idungatan|5|11-14|Vasastaden|Va| Mellan Hagagatan och Norrtullsgatan
Idungatan|5|11-14|Vasastaden|Va| Mellan Norrtullsgatan och Tre Liljor
Igeldammsgatan|4|0-6|Kungsholmen|Ku|
Industrigatan|2|0-6|Kungsholmen|Ku|
Inedalsgatan|1|0-6|Kungsholmen|Ku|
Ingemarsgatan|2|0-6|Vasastaden|Va|
Ivan Oljelunds Gränd|1|0-6|Kungsholmen|Ku|
Iversonsgatan|2|0-6|Östermalm|Ö/Va|
Jakob Westinsgatan|3|9-17|Kungsholmen|Ku|
Jakobsgatan|4|0-6|City|Va|
Jaktvarvsplan|2|9-17|Kungsholmen|Ku|
Jarlaplan|3|0-6|Östermalm|Ö/Va| Bägge områdena.
Johannesgatan|3|0-6|Norrmalm|Va|
John Bergs Plan|1|9-17|Kungsholmen|Ku|
John Ericssonsgatan|3|9-17|Kungsholmen|Ku|
Jungfrugatan|1|0-6|Östermalm|Ö|
Jägargatan|2|9-14|Södermalm|Sö|
Kadettgatan|5|13-16|Vasastaden|Va|
Kallskärsgatan|3|0-6|Gärdet|Ö|
Kammakargatan|5|0-6|Norrmalm|Va| Mellan Torsgatan och Sveavägen
Kammakargatan|3|0-6|Norrmalm|Va| Mellan Sveavägen och Regeringsgatan
Kampementsgatan|5|0-6|Gärdet|Ö| Gäller ej 15 juni-15 augusti
Kapellgränd|1|0-6|Södermalm|Sö|
Kaplansbacken|2|0-6|Kungsholmen|Ku|
Kaptensgatan|1|0-6|Östermalm|Ö|
Karlaplan|2|0-6|Östermalm|Ö| Vid nr 1 och 3A-4
Karlaplan|3|0-6|Östermalm|Ö|
Karlavägen|2|0-6|Östermalm|Ö| Vid nr 15A-15B
Karlavägen|4|0-6|Östermalm|Ö| Mellan Jarlaplan och Engelbrektsgatan
Karlavägen|3|0-6|Östermalm|Ö| Mellan Karlaplan och Oxenstiernsgatan
Karlavägen|4|0-6|Östermalm|Ö| Mellan Engelbrektsgatan och Karlaplan
Karlbergsvägen|1|0-6|Vasastaden|Va| Mellan Norrtullsgatan och Upplandsgatan
Karlbergsvägen|2|0-6|Vasastaden|Besökare| Mellan Upplandsgatan och Västmannagatan Ej boendeparkering
Karlbergsvägen|5|0-6|Vasastaden|Va| Mellan Västmannagatan och Sankt Eriksgatan
Karlbergsvägen|5|13-16|Vasastaden|Va| Mellan Torsgatan och Norra Stationsgatan
Karlsviksgatan|2|9-17|Kungsholmen|Ku|
Katarina Bangata|1|0-6|Södermalm|Sö|Mellan Bondegatan och Skånegatan
Katarina Bangata|2|0-6|Södermalm|Sö|Mellan Skånegatan och Ringvägen
Katarina Bangata|3|0-6|Södermalm|Sö|Mellan Skånegatan och Östgötagatan, vid Greta Garbos Torg samt mellan Ringvägen och Ljusterögatan
Katarina Västra Kyrkog.|5|0-6|Södermalm|Sö|
Katarina Ö. Kyrkogårdsgr.|5|0-6|Södermalm|Sö|
Katarinavägen|5|0-6|Södermalm|Sö|
Kattgränd|3|9-14|Södermalm|Sö|
Kellgrensgatan|4|0-6|Kungsholmen|Ku|
Klara Norra Kyrkogata|2|0-6|City|Va|
Klara Södra Kyrkogata|3|0-6|City|Va|
Klara Västra Kyrkogata|3|0-6|City|Va|
Klarabergsviadukten|2|0-6|City|Va|
Klevgränd|2|0-6|Södermalm|Sö|
Klippgatan|2|0-6|Södermalm|Sö|
Kocksgatan|4|0-6|Södermalm|Sö|
Kommendörsgatan|2|0-6|Östermalm|Ö|
Kornhamnstorg|2|0-6|Gamla Stan|GS|
Kristinebergs Strand|3|9-17|Kungsholmen|Ku| Gäller ej jämna veckor 1 maj-31 oktober
Kristinebergsvägen|3|9-14|Kungsholmen|Ku|
Kristinehovsgatan|2|0-6|Södermalm|Sö|
Kronobergsgatan|3|0-6|Kungsholmen|Ku| Mellan Drottningholmsvägen och Kungsholms Strand
Kronobergsgatan|5|0-6|Kungsholmen|Ku| Mellan Hantverkargatan och Drottningholmsvägen
Krukmakarbacken|1|0-6|Södermalm|Sö|
Krukmakargatan|3|0-6|Södermalm|Sö|
Kungsbro Strand|5|0-6|Kungsholmen|Ku|
Kungsbron|3|0-6|City|Va|
Kungsbroplan|5|0-6|Kungsholmen|Ku|
Kungsgatan|3|0-6|City|Va|
Kungsgatan|5|0-6|Kungsholmen|Ku|
Kungsholms Hamnplan|2|9-17|Kungsholmen|Ku|
Kungsholms Kyrkoplan|5|0-6|Kungsholmen|Ku|
Kungsholms Strand|5|0-6|Kungsholmen|Ku|
Kungsholmsgatan|2|0-6|Kungsholmen|Ku|
Kungsholmstorg|1|0-6|Kungsholmen|Ku|
Kungsklippan|4|0-6|Kungsholmen|Ku|
Kungsklippan|3|0-6|Kungsholmen|Ku| P-platsen vid Pipersgatan
Kungstensgatan|3|9-12|Vasastaden|Va| Mellan Sveavägen och Dalagatan
Kungstensgatan|1|0-6|Vasastaden|Va| Mellan Sveavägen och Birger Jarlsgatan
Kungstensgatan|3|0-6|Vasastaden|Ö|Mellan Birger Jarlsgatan och Karlavägen
Kungsträdgårdsgatan|5|0-6|City|Va|
Kvarngatan|3|0-6|Södermalm|Sö|
Körsbärsvägen|2|0-6|Östermalm|Ö|
Lagerlöfsgatan|5|0-6|Kungsholmen|Ku|
Levertinsgatan|2|9-17|Kungsholmen|Ku|
Lidnersgatan|5|9-17|Kungsholmen|Ku|
Lidnersplan|3|9-17|Kungsholmen|Ku|
Lignagatan|4|0-6|Södermalm|Sö|
Lilla Erstagatan|2|0-6|Södermalm|Sö|
Lilla Mejtens Gränd|1|0-6|Södermalm|Sö|
Lilla Nygatan|3|0-6|Gamla Stan|GS|
Lill-Jans Plan|2|0-6|Östermalm|Ö| Jämna sidan
Lill-Jans Plan|4|0-6|Östermalm|Ö| Udda sidan
Lindhagensgatan|1|0-6|Kungsholmen|Ku|
Lindvallsgatan|2|9-14|Södermalm|Sö|Mellan Bergsunds Strand och Slipgatan
Lindvallsgatan|4|0-6|Södermalm|Sö|Mellan Lindvallsplan och Folkskolegatan
Lindvallsplan|4|9-14|Södermalm|Sö|
Linnégatan|5|0-6|Östermalm|Ö|
Ljustergränd|1|0-6|Södermalm|Sö|
Ljusterögatan|4|0-6|Södermalm|Sö|
Lodgatan|5|0-6|Östermalm|Ö|
Love Almqvists Väg|2|9-17|Kungsholmen|Ku| Gäller ej udda veckor 1 maj-31 oktober
Lovisagatan|3|0-6|Östermalm|Ö|
Ludvigsbergsgatan|1|0-6|Södermalm|Sö|
Lundagatan|1|0-6|Södermalm|Sö|
Luntmakargatan|4|0-6|Vasastaden|Va|
Luthens Gränd|2|0-6|Södermalm|Sö|
Luxgatan|4|9-14|Kungsholmen|Ku|
Lützengatan|4|0-6|Östermalm|Ö|
Långholmsgatan|1|0-6|Södermalm|Sö| Västra lokalkörbanan
Långholmsgatan|4|0-6|Södermalm|Sö| Östra lokalkörbanan
Lästmakargatan|3|0-6|City|Va|
Löjtnantsgatan|2|0-6|Gärdet|Ö|
Magnus Ladulåsgatan|2|0-6|Södermalm|Sö|
Majorsgatan|3|0-6|Östermalm|Ö|
Malmgårdsvägen|1|0-6|Södermalm|Sö|
Malmskillnadsgatan|5|0-6|City|Va|
Malmtorgsgatan|5|0-6|City|Va|
Malmvägen|4|0-6|Värtan|Besökare|Ej boendeparkering
Maria Bangata|3|0-6|Södermalm|Sö|
Maria Prästgårdsgata|5|0-6|Södermalm|Sö|Mellan Rosenlundsgatan och Björngårdsgatan
Maria Prästgårdsgata|3|0-6|Södermalm|Sö|Mellan vändplatserna vid nr 47-65, udda sidan mellan nr 29 och Timmermansgatan samt mellan Fredmansgatan och vändplatsen
Maria Sandells Gränd|1|0-6|Kungsholmen|Ku|
Maria Skolgata|1|0-6|Södermalm|Sö|
Maria Trappgränd|3|9-14|Södermalm|Sö|
Mariatorget|1|0-6|Södermalm|Sö|
Mariebergsgatan|2|0-6|Kungsholmen|Ku|
Mariedalsvägen|1|0-6|Kungsholmen|Ku|
Markvardsgatan|3|0-6|Vasastaden|Va|
Messeniusgatan|1|9-17|Kungsholmen|Ku| Gäller ej jämna veckor 1 maj-31 oktober
Metargatan|5|9-14|Södermalm|Sö|
Mitisgatan|5|9-17|Kungsholmen|Ku|
Mjärdgränd|1|9-14|Södermalm|Sö|
Montebellogatan|4|9-17|Kungsholmen|Ku|
Mosebacke Torg|3|9-14|Södermalm|Sö|
Mosebacke Torg|2|0-6|Södermalm|Sö|Södra sidan mot Svartensgatan
Munkbrogatan|4|0-6|Gamla Stan|GS|
Munkbron|4|0-6|Gamla Stan|GS|
Mälartorget|4|0-6|Gamla Stan|GS|
Mäster Mikaels Gata|5|0-6|Södermalm|Sö|
Mäster Samuelsgatan|5|0-6|City|Va|
Möregatan|4|0-6|Södermalm|Sö|
Nackagatan|1|0-6|Södermalm|Sö|
Narvavägen|3|0-6|Östermalm|Ö|
Narvavägen|4|0-6|Östermalm|Ö| Allén Fredrikshovsgatan - Banérgatan, Gäller ej 16 maj-30 nov
Nicandervägen|4|9-14|Kungsholmen|Ku|
Nordenflychtsvägen|5|0-6|Kungsholmen|Ku|
Norr Mälarstrand|5|9-17|Kungsholmen|Ku| Mellan Baltzar von Platens Gata och Sysslomansgatan
Norr Mälarstrand|5|0-6|Kungsholmen|Ku| Mellan Samuel Owens Gata och Baltzar von Platens Gata
Norra Agnegatan|4|0-6|Kungsholmen|Ku|
Norra Bantorget|2|0-6|Vasastaden|Va|
Norra Stationsgatan|3|0-6|Vasastaden|Va| Lokalkörbanan
Norra Stationsgatan|4|0-6|Vasastaden|Va| Mellan Torsplan och Karlbergsvägen
Norrbackagatan|5|0-6|Vasastaden|Va| Mellan Drejargatan och Rörstrandsgatan
Norrbackagatan|4|13-16|Vasastaden|Va| Mellan Birkagatan och Bråvallagatan
Norrbackagatan|1|13-16|Vasastaden|Va| Mellan Rörstrandsgatan och Kadettgatan
Norrbackagatan|2|13-16|Vasastaden|Va| Mellan Kadettgatan och Torsplan
Norrskogsvägen|4|9-14|Kungsholmen|Ku| Mellan Badstrandsvägen och Eknäsvägen, mellan Flottbrovägen och Stenhällsvägen samt mellan Stenshällsvägen och Badstrandsvägen
Norrskogsvägen|5|9-14|Kungsholmen|Ku| Mellan Sällskapsvägen och Flottbrovägen
Norrtullsgatan|5|9-12|Vasastaden|Va| Mellan Drottninggatan och Odengatan
Norrtullsgatan|1|11-14|Vasastaden|Va| Mellan Karlbergsvägen och Norrtull
Notvarpsgränd|5|9-14|Södermalm|Sö|
Nybergsgatan|2|0-6|Östermalm|Ö|
Nybrogatan|4|0-6|Östermalm|Ö|
Nybrokajen|4|0-6|City|Va|
Nytorget|1|0-6|Södermalm|Sö|
Nytorgsgatan|3|0-6|Södermalm|Sö|
Närkesgatan|1|0-6|Södermalm|Sö|
Nätgränd|1|9-14|Södermalm|Sö|
Observatoriegatan|2|9-12|Vasastaden|Va|
Odengatan|4|0-6|Vasastaden|Va| Mellan Torsgatan och Sveavägen
Odengatan|1|0-6|Vasastaden|Va| Mellan Verdandigatan och Birger Jarlsgatan
Odengatan|1|0-6|Vasastaden|Ö|Mellan Birger Jarlsgatan och Valhallavägen
Odengatan|4|0-6|Vasastaden|Va| Mellan Sveavägen och Torsgatan
Ola Hanssonsgatan|4|9-17|Kungsholmen|Ku| Gäller ej udda veckor 1 maj-31 oktober
Olaus Petrigatan|3|0-6|Gärdet|Ö|
Olof Dalins Väg|3|9-17|Kungsholmen|Ku| Gäller ej jämna veckor 1 maj-31 oktober
Olof Gjödingsgatan|3|0-6|Kungsholmen|Ku|
Olof Palmes Gata|3|0-6|City|Va|
Onkel Adams Väg|4|9-17|Kungsholmen|Ku| Gäller ej jämna veckor 1 maj-31 oktober
Orvar Odds Väg|3|9-17|Kungsholmen|Ku| Gäller ej udda veckor 1 maj-31 oktober
Oxenstiernsgatan|1|0-6|Östermalm|Ö|
Oxtorgsgatan|3|0-6|City|Va|
Palmbladsvägen|3|9-17|Kungsholmen|Ku| Gäller ej udda veckor 1 maj-31 oktober
Parkgatan|4|0-6|Kungsholmen|Ku|
Parmmätargatan|2|0-6|Kungsholmen|Ku| Norr om Hantverkargatan
Parmmätargatan|2|9-17|Kungsholmen|Ku| Söder om Hantverkargatan
Patentgatan|3|9-14|Kungsholmen|Ku|
Pilgatan|2|0-6|Kungsholmen|Ku| Norr om Hantverkargatan
Pilgatan|2|9-17|Kungsholmen|Ku| Söder om Hantverkargatan
Pipersgatan|3|0-6|Kungsholmen|Ku|
Ploggatan|1|0-6|Södermalm|Sö|
PO Hallmans Gata|1|0-6|Kungsholmen|Ku|
Pokalvägen|1|9-14|Södermalm|Sö|
Polhemsgatan|3|0-6|Kungsholmen|Ku| Mellan Hantverkargatan och Fleminggatan
Polhemsgatan|5|0-6|Kungsholmen|Ku| Norr om Fleminggatan
Polhemsgatan|5|9-17|Kungsholmen|Ku| Mellan Norr Mälarstrand och Hantverkargatan
Pontonjärgatan|4|9-17|Kungsholmen|Ku|
Primusgatan|3|9-14|Kungsholmen|Ku| Mellan Gamla Essinge Broväg och Dagnyvägen
Primusgatan|4|9-14|Kungsholmen|Ku| Vinkelparkeringar vid Luxgatan
Pålsundsgatan|1|0-6|Södermalm|Sö|
Ragnar Östbergs Plan|2|0-6|Kungsholmen|Ku|
Ragvaldsgatan|2|0-6|Södermalm|Sö|
Regeringsgatan|2|0-6|City|Va|
Rehnsgatan|5|0-6|Vasastaden|Va|
Reimersholmsgatan|4|9-14|Södermalm|Sö|
Renstiernas Gata|4|0-6|Södermalm|Sö|
Repslagargatan|5|0-6|Södermalm|Sö|
Riddargatan|5|0-6|Östermalm|Ö|
Riddarhuskajen|3|0-6|Gamla Stan|GS|
Rigagatan|5|0-6|Östermalm|Ö|
Rindögatan|4|0-6|Gärdet|Ö|
Ringvägen|1|0-6|Södermalm|Sö|Udda sidan lokalkörbanan mellan Blekingegatan och Älvsborgsgatan
Ringvägen|2|0-6|Södermalm|Sö|Lokalkörbanan mellan Maria Bangata och Rosenlundsgatan
Ringvägen|2|0-6|Södermalm|Sö|Mellan Renstiernas Gata och Malmgårdsvägen
Ringvägen|4|0-6|Södermalm|Sö|Jämna sidan lokalkörbanan mellan Sachsgatan och Gräsgatan, lokalkörbanan vid Zinkensdamms idrottsplats samt mellan Yttersta Tvärgränd och Brännkyrkagatan
Ringvägen|4|0-6|Södermalm|Sö|Lokalkörbanan mellan Östgötagatan och Renstiernas Gata
Robert Almströmsgatan|1|13-16|Vasastaden|Va|
Rosenlundsgatan|2|0-6|Södermalm|Sö|
Roslagsgatan|1|0-6|Vasastaden|Va|
Ruddammsbacken|3|0-6|Vasastaden|Ö|
Ruddammsvägen|2|0-6|Vasastaden|Ö|
Runebergsgatan|1|0-6|Östermalm|Ö|
Runebergsplan|1|0-6|Östermalm|Ö| Gäller ej 15 juni-15 augusti
Runiusgatan|2|9-17|Kungsholmen|Ku| Gäller ej jämna veckor 1 maj-31 oktober
Rutger Fuchsgatan|2|0-6|Södermalm|Sö|
Rådlösavägen|3|9-14|Kungsholmen|Ku|
Rådmansgatan|4|9-12|Vasastaden|Va| Mellan Dalagatan och Västmannagatan och mellan Upplandsagatan och Sveavägen
Rådmansgatan|4|0-6|Vasastaden|Va| Mellan Sveavägen och Birger Jarlsgatan
Rådmansgatan|2|9-12|Vasastaden|Va| Mellan Västmannagatan och Upplandsgatan
Rådmansgatan|2|0-6|Vasastaden|Va| Mellan Danderydsplan och Birger Jarlsgatan
Rådmansgatan|2|0-6|Vasastaden|Ö|Mellan Birger Jarlsgatan och Lill-Jans Plan
Råggatan|1|0-6|Södermalm|Sö|
Rålambsvägen|4|0-6|Kungsholmen|Ku|
Rödabergsbrinken|3|13-16|Vasastaden|Va|
Rödabergsgatan|4|13-16|Vasastaden|Va|
Rökubbsgatan|1|0-6|Gärdet|Ö|
Rörstrandsgatan|1|0-6|Vasastaden|Va| Mellan Sankt Eriksgatan och Norrbackagatan
Rörstrandsgatan|3|13-16|Vasastaden|Va| Mellan Norrbackagatan och Karlbergsvägen, övre planet
Rörstrandsgatan|4|13-16|Vasastaden|Va| Mellan Norrbackagatan och vändplatsen, nedre planet
S:t Paulsgatan|1|0-6|Södermalm|Sö|
S:t Eriksgatan|1|9-17|Kungsholmen|Ku| Mellan Norr Mälarstrand och Hantverkargatan
S:t Eriksgatan|5|0-6|Kungsholmen|Ku| Mellan Hantverkargatan och S:t Eriksbron
S:t Eriksgatan|2|0-6|Vasastaden|Va| Mellan S:t Eriksbron och Norra Stationsgatan
S:t Eriksplan|3|0-6|Vasastaden|Va|
S:t Göransgatan|2|0-6|Kungsholmen|Ku|
Sachsgatan|1|0-6|Södermalm|Sö|
Saltmätargatan|2|9-12|Vasastaden|Va|
Samaritgränd|5|0-6|Södermalm|Sö|
Samuel Owens Gata|5|9-17|Kungsholmen|Ku|
Sandbacksgatan|5|0-6|Södermalm|Sö|
Sandelsgatan|4|0-6|Gärdet|Ö|
Sandhamnsgatan|5|0-6|Gärdet|Ö|
Sandhamnsplan|5|0-6|Gärdet|Ö|
Sandåsgatan|5|9-12|Vasastaden|Va|
Scheelegatan|3|0-6|Kungsholmen|Ku|
Scheffersgatan|5|9-17|Kungsholmen|Ku| Gäller ej jämna veckor 1 maj-31 oktober
Segelbåtsvägen|4|9-14|Kungsholmen|Ku|
Sehlstedtsgatan|4|0-6|Gärdet|Ö|
Siargatan|1|0-6|Södermalm|Sö|
Sibyllegatan|5|0-6|Östermalm|Ö|
Sigtunagatan|3|11-14|Vasastaden|Va|
Skeppargatan|3|0-6|Gärdet|Ö|
Skillinggränd|1|9-17|Kungsholmen|Ku|
Skinnarviksringen|5|0-6|Södermalm|Sö|
Skogsmarksvägen|3|9-14|Kungsholmen|Ku|
Skolgränd|3|0-6|Södermalm|Sö|
Skånegatan|2|0-6|Södermalm|Sö|Mellan Renstiernas Gata och Ploggatan
Skånegatan|3|0-6|Södermalm|Sö|Mellan Katarina Bangata och Renstiernas Gata
Sköldgatan|2|0-6|Södermalm|Sö|
Sköldungagatan|2|0-6|Vasastaden|Va|
Slipgatan|3|9-14|Södermalm|Sö|
Slottsbacken|3|0-6|Gamla Stan|GS| Udda sidan, nedre planet
Slottsbacken|2|0-6|Gamla Stan|GS| Jämna sidan, nedre planet samt öster om Österlånggatan
Slottskajen|3|0-6|Gamla Stan|GS|
Slussplan|2|0-6|Gamla Stan|GS|
Smedsbacksgatan|1|0-6|Gärdet|Ö|
Smålandsgatan|4|0-6|City|Va|
Snoilskyvägen|2|9-17|Kungsholmen|Ku| Gäller ej udda veckor 1 maj-31 oktober
Sockerbruksgränd|3|9-14|Södermalm|Sö|
Sofiagatan|1|0-6|Södermalm|Sö|Gäller ej 15 juni-15 augusti
Solvändan|5|13-16|Vasastaden|Va|
Stadsgården|4|0-6|Södermalm|Sö|
Stadshagens Idrottsväg|4|0-6|Kungsholmen|Ku|
Stadshagsplan|2|9-17|Kungsholmen|Ku|
Stadshagsvägen|5|9-17|Kungsholmen|Ku|
Stagneliusvägen|5|9-17|Kungsholmen|Ku| Gäller ej udda veckor 1 maj-31 oktober
Starrängsringen|4|0-6|Gärdet|Ö|
Stenbocksgatan|5|0-6|Östermalm|Ö|
Stenkullagränd|1|9-14|Kungsholmen|Ku|
Stenkullavägen|2|9-14|Kungsholmen|Ku| Mellan Essingestråket och Essingekroken, öster om Essingekroken och mellan Rådlösavägen och Essinge Högväg
Stenkullavägen|5|9-14|Kungsholmen|Ku| Mellan Essingestråket och Skogsmarksvägen
Stenshällsvägen|5|9-14|Kungsholmen|Ku|
Stickelbärsvägen|3|0-6|Östermalm|Ö|
Stiernhielmsvägen|2|9-17|Kungsholmen|Ku|
Stigbergsgatan|5|0-6|Södermalm|Sö|
Stora Gråmunkegränd|4|0-6|Gamla Stan|GS|
Stora Nygatan|2|0-6|Gamla Stan|GS|
Storgatan|1|0-6|Östermalm|Ö|
Storkyrkobrinken|2|0-6|Gamla Stan|GS|
Storskärsgatan|5|0-6|Gärdet|Ö|
Strandbergsgatan|5|0-6|Kungsholmen|Ku|
Strandvägen|2|0-6|Östermalm|Ö| Mellan Nybroplan och Narvavägen
Strandvägen|3|0-6|Östermalm|Ö| Öster om Narvavägen
Strindbergsgatan|2|0-6|Gärdet|Ö|
Strykerskevägen|2|9-14|Kungsholmen|Ku|
Strålgatan|3|9-14|Kungsholmen|Ku|
Studentbacken|2|0-6|Gärdet|Ö|
Sturegatan|2|0-6|Östermalm|Ö|
Styrmansgatan|2|0-6|Östermalm|Ö|
Surbrunnsgatan|3|11-14|Vasastaden|Va| Mellan Norrtullsgatan och Sveavägen
Surbrunnsgatan|4|0-6|Vasastaden|Va| Mellan Sveavägen och Birger Jarlsgatan
Surbrunnsgatan|4|0-6|Vasastaden|Ö|Mellan Birger Jarlsgatan och Valhallavägen
Svartensgatan|2|0-6|Södermalm|Sö|
Svarvargatan|1|0-6|Kungsholmen|Ku|
Sveavägen|1|0-6|Vasastaden|Va| Söder om Odengatan samt mellan Norrtull och Sveaplan
Sveavägen|3|0-6|Vasastaden|Va| P-platsen vid Wenner-Gren
Sveavägen|5|0-6|Vasastaden|Va| Mellan Sveaplan och Odengatan
Sveavägen|5|11-14|Vasastaden|Va| Lokalkörbanorna vid Ynglingagatan, vid nr 115-123 och vid nr 103
Svedbergsplan|2|9-17|Kungsholmen|Ku| Gäller ej 15 juni-15 augusti
Svedbergsstigen|2|9-17|Kungsholmen|Ku| Gäller ej 15 juni-15 augusti
Swedenborgsgatan|1|0-6|Södermalm|Sö|
Sven Rinmans Gata|5|9-17|Kungsholmen|Ku|
Sysslomansgatan|3|9-17|Kungsholmen|Ku|
Sågargatan|4|0-6|Södermalm|Sö|
Sällskapsvägen|5|9-14|Kungsholmen|Ku|
Söder Mälarstrand|5|0-6|Södermalm|Sö|
Södermannagatan|1|0-6|Södermalm|Sö|Mellan Katarina Bangata och Skånegatan
Södermannagatan|4|0-6|Södermalm|Sö|Mellan Bohusgatan och Katarina Bangata samt mellan Skånegatan och Tjärhovsgatan
Södra Agnegatan|4|0-6|Kungsholmen|Ku| Norr om Hantverkargatan
Södra Agnegatan|4|9-17|Kungsholmen|Ku| Söder om Hantverkargatan
Södra Blasieholmshamnen|3|0-6|City|Va|
Tantogatan|3|0-6|Södermalm|Sö|
Taptogatan|5|0-6|Östermalm|Ö|
Tavastgatan|3|9-14|Södermalm|Sö|
Teatergatan|4|0-6|City|Besökare|Ej boendeparkering
Tegeluddsvägen|3|0-6|Gärdet|Ö|
Tegelviksgatan|2|0-6|Södermalm|Sö|
Tegnérgatan|2|9-12|Vasastaden|Va| Mellan Svevägen och Dalagatan
Tegnérgatan|3|0-6|Vasastaden|Va| Mellan Sveavägen och Birger Jarlsgatan
Tegnérgatan|3|0-6|Vasastaden|Ö|Mellan Birger Jarlsgatan och Karlavägen
Tegnérgatan|2|9-12|Vasastaden|Va| Mellan Holländargatan och Dalagatan
Tegnérlunden|5|9-12|Vasastaden|Va|
Teknologgatan|1|9-12|Vasastaden|Va|
Tempeltrappan|5|13-16|Vasastaden|Va|
Tengdahlsgatan|2|0-6|Södermalm|Sö|Mellan östra vändplatsen och Tegelviksgatan
Tengdahlsgatan|4|0-6|Södermalm|Sö|Mellan norra vändplatsen och Tegelviksgatan
Thorildsvägen|5|9-17|Kungsholmen|Ku|
Tideliusgatan|2|0-6|Södermalm|Sö|
Timmermansgatan|2|0-6|Södermalm|Sö|Mellan Tavastgatan och Hornsgatan
Timmermansgatan|4|0-6|Södermalm|Sö|
Timotejgatan|4|0-6|Södermalm|Sö|
Tjurbergsgatan|3|0-6|Södermalm|Sö|
Tjustgatan|4|0-6|Södermalm|Sö|
Tjärhovsgatan|2|0-6|Södermalm|Sö|Mellan Renstiernas Gata och vändplatsen
Tjärhovsgatan|3|0-6|Södermalm|Sö|Mellan Götgatan och Renstiernas Gata
Tobaksspinnargatan|2|9-14|Södermalm|Sö|
Tomtebogatan|4|13-16|Vasastaden|Va|
Torbjörn Klockares Gata|3|13-16|Vasastaden|Va| Mellan Solvändan och vändplatsen
Torbjörn Klockares Gata|1|13-16|Vasastaden|Va| Mellan Falugatan och Gävlegatan
Torggatan|5|9-14|Kungsholmen|Ku|
Torkel Knutssonsgatan|5|0-6|Södermalm|Sö|
Torsgatan|1|0-6|Vasastaden|Va| Udda sidan mellan Odengatan och Lokstallsgatan
Torsgatan|1|0-6|Vasastaden|Va| Mellan Torsplan och Odengatan
Torsgatan|2|0-6|Vasastaden|Va| Mellan Odengatan och Norra Bantorget
Torsgränd|2|0-6|Vasastaden|Va|
Torsplan|2|13-16|Vasastaden|Va|
Torstenssonsgatan|3|0-6|Östermalm|Ö|
Tre Liljor|2|11-14|Vasastaden|Va|
Tredje Bassängvägen|3|0-6|Värtan|Besökare|Ej boendeparkering
Trålgränd|1|9-14|Södermalm|Sö|
Tulegatan|2|0-6|Vasastaden|Va|
Tullgårdsgatan|1|0-6|Södermalm|Sö|
Tullvaktsvägen|4|0-6|Södermalm|Sö|
Tvätterskevägen|1|9-14|Kungsholmen|Ku|
Tyrgatan|2|0-6|Östermalm|Ö|
Tyskbagargatan|4|0-6|Östermalm|Ö|
Tysta Gatan|4|0-6|Östermalm|Ö|
Uggelviksgatan|1|0-6|Vasastaden|Ö|
Ulrikagatan|3|0-6|Östermalm|Ö|
Ulriksborgsgatan|1|0-6|Kungsholmen|Ku| jämn sida och del av udda sida
Upplandsgatan|4|0-6|Vasastaden|Va| Mellan Barnhusgatan och Kammakargatan
Upplandsgatan|3|9-12|Vasastaden|Va| Mellan Kammakargatan och Odengatan
Upplandsgatan|3|11-14|Vasastaden|Va| Norr om Karlbergsvägen
Valhallavägen|2|0-6|Östermalm|Ö| P-platsen vid nr 1 (gäller ej 2 maj-30 nov) samt allén mellan Drottning Sofias Väg och Sturegatan
Valhallavägen|4|0-6|Östermalm|Ö| P-platsen mellan Ingemarsgatan och Frejgatan
Valhallavägen|3|0-6|Östermalm|Ö| Mellan Frejgatan och Lill-Jans Plan
Valhallavägen|5|0-6|Östermalm|Ö| P-platsen vid nr 11
Valhallavägen|4|0-6|Östermalm|Ö| Allén mellan Brahegatan och Nybrogatan samt lokalkörbanan mellan Erik Dahlbergsgatan och Hedinsgatan
Valhallavägen|3|0-6|Östermalm|Ö| Mellan Lill-Jans Plan och Hedinsgatan
Valhallavägen|1|0-6|Östermalm|Ö| Mellan Hedinsgatan och Oxenstiernsgatan
Wallingatan|2|0-6|Norrmalm|Va|
Vanadisvägen|3|9-14|Vasastaden|Va|
Warfvinges Väg|3|0-6|Kungsholmen|Ku|
Wargentinsgatan|2|0-6|Kungsholmen|Ku|
Varvsgatan|5|0-6|Södermalm|Sö|
Vegagatan|4|9-12|Vasastaden|Va|
Welanders Väg|5|9-17|Kungsholmen|Ku|
Wennerbergsgatan|5|9-17|Kungsholmen|Ku| Gäller ej 15 juni-15 augusti
Verdandigatan|2|0-6|Östermalm|Ö|
Verkstadsgatan|1|9-14|Södermalm|Sö|Mellan Bergsundsstrand och Bergsundsgatan
Verkstadsgatan|3|9-14|Södermalm|Sö|Mellan Bersundsgatan och Långholmsgatan
Vetegatan|3|0-6|Södermalm|Sö|
Vidargatan|4|11-14|Vasastaden|Va|
Vikingagatan|3|13-16|Vasastaden|Va| Mellan Rörstrandsgatan och Karlbergsvägen
Vikingagatan|1|13-16|Vasastaden|Va| Mellan Karlbergsvägen och Solvändan
Vikingagatan|5|13-16|Vasastaden|Va| Mellan Kadettgatan och Torbjörn Klockares Gata
Viktor Rydbergs Gata|3|9-17|Kungsholmen|Ku| Gäller ej jämna veckor 1 maj-31 oktober
Villagatan|5|0-6|Östermalm|Ö|
Vindragarvägen|2|9-14|Södermalm|Sö|Gäller ej 15 juni-15 augusti
Vitalisvägen|1|9-17|Kungsholmen|Ku| Gäller ej jämna veckor 1 maj-31 oktober
Wittstocksgatan|4|0-6|Östermalm|Ö|
Wivalliusgatan|3|9-17|Kungsholmen|Ku| Gäller ej udda veckor 1 maj-31 oktober
Wollmar Yxkullsgatan|4|0-6|Södermalm|Sö|
Vulcanusgatan|5|13-16|Vasastaden|Va|
Vänskapsvägen|1|9-14|Kungsholmen|Ku| Mitt emot nr 49 till Badstrandsvägen
Vänskapsvägen|5|9-14|Kungsholmen|Ku| Badstrandsvägen till mitt emot nr 49
Väpnargatan|4|0-6|Östermalm|Ö|
Väringgatan|3|13-16|Vasastaden|Va|
Värtavägen|2|0-6|Gärdet|Ö|
Västeråsgatan|5|11-14|Vasastaden|Va|
Västgötagatan|3|0-6|Södermalm|Sö|
Västmannagatan|5|0-6|Vasastaden|Va| Mellan Wallingatan och Kammakargatan
Västmannagatan|1|9-12|Vasastaden|Va| Mellan Kammakargatan och Odengatan
Västmannagatan|1|11-14|Vasastaden|Va| Mellan Karlbergsvägen och Sankt Eriksgatan
Västra Trädgårdsgatan|3|0-6|City|Va|
Völundsgatan|1|13-16|Vasastaden|Va|
Ynglingagatan|3|11-14|Vasastaden|Va|
Zinkens Väg|4|0-6|Södermalm|Sö|
Ångströmsgatan|5|0-6|Kungsholmen|Ku|
Åsögatan|5|0-6|Södermalm|Sö|
Älvsborgsgatan|4|9-15|Södermalm|Sö|
Ängskärsgatan|1|0-6|Gärdet|Ö|
Ölandsgatan|5|0-6|Södermalm|Sö|
Öregrundsgatan|4|0-6|Gärdet|Ö|
Östermalmsgatan|5|0-6|Östermalm|Ö|
Östermalmstorg|3|0-6|Östermalm|Besökare| Ej boendeparkering
Östgötagatan|1|0-6|Södermalm|Sö|Mellan Bondegatan och Skånegatan
Östgötagatan|3|0-6|Södermalm|Sö|Mellan Skånegatan och Norra Hammarbyhamnen
Östgötagatan|4|0-6|Södermalm|Sö|Mellan Mosebacke Torg och Bondegatan
Östhammarsgatan|2|0-6|Gärdet|Ö|
Östra Järnvägsgatan|4|0-6|City|Va|